Ligand ID,Ligand MW,Ligand Formula,Ligand Name,Ligand SMILES
02I,329.21,C10 H12 N5 O6 P,"(6S,7S,8S,10R)-4-amino-8-hydroxy-7,8,9,10-tetrahydro-6H-7,10-epoxyazepino[1,2-e]purin-6-yl dihydrogen phosphate","Nc1ncnc2n3[C@H]4C[C@H](O)[C@H](O4)[C@@H](OP(O)(O)=O)c3nc12 |r,@:15,TLB:10:9:12:19.6.13,5:6:8.9:12,14:13:8.9:12,20:19:8.9:12|"
0AD,389.3,C13 H20 N5 O7 P,2'-deoxy-N-propylguanosine 5'-(dihydrogen phosphate),"CCCNc1nc2n(cnc2c(=O)[nH]1)[C@H]1C[C@H](O)[C@@H](COP(O)(O)=O)O1 |r,@@:21|"
0DC,307.2,C9 H14 N3 O7 P,2'-DEOXY-L-RIBO-FURANOSYL CYTOSINE-5'-MONOPHOSPHATE,"Nc1ccn([C@@H]2C[C@@H](O)[C@H](COP(O)(O)=O)O2)c(=O)n1 |r,@:12|"
0DG,347.22,C10 H14 N5 O7 P,2'-DEOXY-L-RIBO-FURANOSYL GUANINE-5'-MONOPHOSPHATE,"Nc1nc2n(cnc2c(=O)[nH]1)[C@@H]1C[C@@H](O)[C@H](COP(O)(O)=O)O1 |r,@:18|"
0DT,322.21,C10 H15 N2 O8 P,2'-DEOXY-L-RIBO-FURANOSYL THYMIDINE-5'-MONOPHOSPHATE,"Cc1cn([C@@H]2C[C@@H](O)[C@H](COP(O)(O)=O)O2)c(=O)[nH]c1=O |r,@:11|"
0EC,289.33,C14 H19 N5 O2,"6,7-dimethoxy-2-(piperazin-1-yl)quinazolin-4-amine",COc1cc2nc(nc(N)c2cc1OC)N1CCNCC1 |@@:15|
10C,335.21,C10 H14 N3 O8 P,"4-AMINO-1-{2,5-ANHYDRO-4-[(PHOSPHONOOXY)METHYL]-ALPHA-L-LYXOFURANOSYL}PYRIMIDIN-2(1H)-ONE","Nc1ccn([C@@H]2O[C@@]3(COP(O)(O)=O)CO[C@@H]2[C@@H]3O)c(=O)n1 |r,@@:10,THB:18:17:6.5:15.14,4:5:17:15.14|"
12A,538.43,C16 H23 N6 O11 P S,2-METHYLTHIO-N6-(AMINOCARBONYL-L-THREONYL)-ADENOSINE-5'-MONOPHOSPHATE,"CSc1nc(NC(=O)N[C@@H]([C@@H](C)O)C(O)=O)c2ncn([C@@H]3O[C@H](COP(O)(O)=O)[C@@H](O)[C@H]3O)c2n1 |r,@:25|"
14L,354.4,C24 H18 O3,"(11S,12S,13S)-11,12,13,14-tetrahydronaphtho[1,2,3,4-pqr]tetraphene-11,12,13-triol",O[C@H]1Cc2c(cc3ccc4cccc5c6ccccc6c2c3c45)[C@H](O)[C@H]1O |r|
1CF,208.21,C8 H16 O6,2-hydroxyethyl 6-deoxy-beta-L-galactopyranoside,C[C@@H]1O[C@H](OCCO)[C@@H](O)[C@H](O)[C@@H]1O |r|
1GL,162.18,C7 H14 O4,"4-O-METHYL-2,6-DIDEOXY-ALPHA-D-GALACTO-HEXOPYRANOSE",CO[C@@H]1[C@H](O)C[C@@H](O)O[C@@H]1C |r|
1MG,377.25,C11 H16 N5 O8 P,1N-METHYLGUANOSINE-5'-MONOPHOSPHATE,"Cn1c(N)nc2n(cnc2c1=O)[C@@H]1O[C@H](COP(O)(O)=O)[C@@H](O)[C@H]1O |r,@:17|"
1PT,309.27,C6 H14 N2 Pt,"CYCLOHEXANE-1(R),2(R)-DIAMINE-PLATINUM(II)",[H][N]1([H])[Pt++][N]([H])([H])[C@@H]2CCCC[C@@H]12 |r|
2AR,329.25,C11 H16 N5 O5 P,2'-DEOXYARISTEROMYCIN-5'-PHOSPHATE,"Nc1ncnc2n(cnc12)[C@H]1C[C@H](O)[C@@H](COP(O)(O)=O)C1 |r,@:17|"
2AU,323.2,C9 H14 N3 O8 P,2'-AMINOURIDINE,"N[C@@H]1[C@H](O)[C@@H](COP(O)(O)=O)O[C@H]1n1ccc(=O)[nH]c1=O |r,@@:7|"
2BD,402.3,C14 H19 N4 O8 P,N1-(1-HYDROXY-3-BUTEN-2(S)-YL)-2'-DEOXYINOSINE MONO PHOSPHORIC ACID,"OC[C@H](C=C)n1cnc2n(cnc2c1=O)[C@H]1C[C@H](O)[C@@H](COP(O)(O)=O)O1 |r,@@:22|"
2BU,435.33,C14 H22 N5 O9 P,"(2S,3S)-N6-(2,3,4-TRIHYDROXYBUTYL)-2'-DEOXYADENOSINE MONO PHOSPHORIC ACID","OC[C@H](O)[C@H](O)CNc1ncnc2n(cnc12)[C@H]1C[C@H](O)[C@@H](COP(O)(O)=O)O1 |r,@@:24|"
2DF,241.14,C6 H12 N O7 P,N-(2-DEOXY-BETA-D-ERYTHO-PENTOFURANOSYL-5-PHOSPHATE) FORMAMIDE,"O[C@H]1C[C@H](NC=O)O[C@@H]1COP(O)(O)=O |r,@@:11|"
2DM,386.33,C20 H19 O6 P,2-HYDROXY-3-(PYREN-1-YLMETHOXY)PROPYL DIHYDROGEN PHOSPHATE,"O[C@@H](COCc1ccc2ccc3cccc4ccc1c2c34)COP(O)(O)=O |r,@@:23|"
2EG,375.27,C12 H18 N5 O7 P,2'-DEOXY-N-ETHYLGUANOSINE 5'-PHOSPHATE,"CCNc1nc2n(cnc2c(=O)[nH]1)[C@H]1C[C@H](O)[C@@H](COP(O)(O)=O)O1 |r,@@:20|"
2FJ,1211.27,C64 H44 N14 Ru2,"tetrakis(2,2'-bipyridine-kappa~2~N~1~,N~1'~)(mu-tetrapyrido[3,2-a:2',3'-c:3'',2''-h:2''',3'''-j]phenazine-1kappa~2~N~4~,N~5~:2kappa~2~N~13~,N~14~)diruthenium(4+) L enantiomer","[Ru++]12345[N]6=CC=CC=C6C6=CC=CC=[N]16.C1=CC6=[N](C=C1)[Ru++]17([N]8=CC=Cc9c8c8c(C=CC=[N]18)c1nc8c(nc91)c1C=CC=[N]2c1c1=[N]3C=CC=c81)([N]1=C6C=CC=C1)[N]1=C(C=CC=C1)C1=[N]7C=CC=C1.C1=CC(C2=[N]4C=CC=C2)=[N]5C=C1 |c:3,5,10,15,17,19,25,32,47,54,57,63,66,68,73,75,78,81,83,85,88,91,93,98,t:1,8,12,23,34,49,59,71,95|"
2GL,190.19,C8 H14 O5,"4-O-ACETYL-2,6-DIDEOXY-ALPHA-D-GALACTO-HEXOPYRANOSE",C[C@H]1O[C@@H](O)C[C@@H](O)[C@H]1OC(C)=O |r|
2L8,627.5,C23 H30 N7 O12 P,"[(2R,3S,5R)-3-[(1-{[(2R,3S,5R)-3-hydroxy-5-(5-methyl-2,4-dioxo-3,4-dihydropyrimidin-1(2H)-yl)tetrahydrofuran-2-yl]methyl}-1H-1,2,3-triazol-4-yl)methoxy]-5-(5-methyl-2,4-dioxo-3,4-dihydropyrimidin-1(2H)-yl)tetrahydrofuran-2-yl]methyl dihydrogen phosphate","Cc1cn([C@H]2C[C@H](O)[C@@H](Cn3cc(CO[C@H]4C[C@@H](O[C@@H]4COP(O)(O)=O)n4cc(C)c(=O)[nH]c4=O)nn3)O2)c(=O)[nH]c1=O |r,@@:22|"
2LA,375.27,C12 H18 N5 O7 P,"2-amino-5-(aminomethyl)-7-(2-deoxy-5-O-phosphono-beta-D-erythro-pentofuranosyl)-3,7-dihydro-4H-pyrrolo[2,3-d]pyrimidin-4-one","NCc1cn([C@H]2C[C@H](O)[C@@H](COP(O)(O)=O)O2)c2nc(N)[nH]c(=O)c12 |r,@:12|"
2LE,158.24,C9 H18 O2,"(2R,5S)-5-pentyltetrahydrofuran-2-ol",CCCCC[C@H]1CC[C@H](O)O1 |r|
2LF,345.2,C10 H12 N5 O7 P,"(6S,7S,8S,10R)-2-amino-8-hydroxy-4-oxo-3,6,7,8,9,10-hexahydro-4H-7,10-epoxyazepino[1,2-e]purin-6-yl dihydrogen phosphate","Nc1nc2n3[C@H]4C[C@H](O)[C@H](O4)[C@@H](OP(O)(O)=O)c3nc2c(=O)[nH]1 |r,@:13,TLB:8:7:10:17.4.11,3:4:6.7:10,12:11:6.7:10,18:17:6.7:10|"
2MG,377.25,C11 H16 N5 O8 P,2N-METHYLGUANOSINE-5'-MONOPHOSPHATE,"CNc1nc2n(cnc2c(=O)[nH]1)[C@@H]1O[C@H](COP(O)(O)=O)[C@@H](O)[C@H]1O |r,@:17|"
2PR,331.22,C10 H14 N5 O6 P,2-AMINO-9-[2-DEOXYRIBOFURANOSYL]-9H-PURINE-5'-MONOPHOSPHATE,"Nc1ncc2ncn([C@H]3C[C@H](O)[C@@H](COP(O)(O)=O)O3)c2n1 |r,@:15|"
2PT,580.63,C20 H29 N6 Pt S,"1-[2-(ACRIDIN-9-YLAMINO)ETHYL]-1,3-DIMETHYLTHIOUREA-PLATINUM(II)-ETHANE-1,2-DIAMINE",[H][N]1([H])CC[N]([H])([H])[Pt++]1\[S]=C(\NC)N(C)CCNc1c2ccccc2[nH+]c2ccccc12
2QL,354.4,C24 H18 O3,"(11R,12R,13R)-11,12,13,14-tetrahydronaphtho[1,2,3,4-pqr]tetraphene-11,12,13-triol",O[C@@H]1Cc2c(cc3ccc4cccc5c6ccccc6c2c3c45)[C@@H](O)[C@@H]1O |r|
2TB,164.2,C6 H16 N2 O3,"1,3-DIAMINO-4,5,6-TRIHYDROXY-CYCLOHEXANE",[NH3+][C@H]1C[C@@H]([NH3+])[C@H](O)[C@@H](O)[C@@H]1O |r|
3B5,620.75,C30 H38 N9 O4 S,AIK-18/51,"CC(C)c1sc(NC(=O)c2cc(NC(=O)c3cc(NC(=O)c4cccnc4)cn3C)cn2C)nc1C(=O)NCCC[NH+](C)C |@:41,@@:1|"
3BF,558.68,C25 H36 N9 O4 S,thiazotropsin B,"CC(C)c1sc(NC(=O)c2cc(NC(=O)c3nc(NC(C)=O)cn3C)cn2C)nc1C(=O)NCCC[NH+](C)C |@:1,36|"
3CO,58.93,Co,COBALT (III) ION,[Co+3]
3DR,198.11,C5 H11 O6 P,"1',2'-DIDEOXYRIBOFURANOSE-5'-PHOSPHATE","O[C@H]1CCO[C@@H]1COP(O)(O)=O |r,@:8|"
3ZO,348.21,C10 H13 N4 O8 P,2'-DEOXY-XANTHOSINE-5'-MONOPHOSPHATE,"O[C@H]1C[C@@H](O[C@@H]1COP(O)(O)=O)n1cnc2c1[nH]c(=O)[nH]c2=O |r,@:8|"
4E9,590.48,C27 H23 N6 O8 P,2'-deoxy-8-[(7-oxo-7H-benzo[de]anthracen-3-yl)amino]guanosine 5'-(dihydrogen phosphate),"Nc1nc2n([C@H]3C[C@H](O)[C@@H](COP(O)(O)=O)O3)c(Nc3ccc4-c5ccccc5C(=O)c5cccc3c45)nc2c(=O)[nH]1 |r,@:12|"
4EN,331.22,C10 H14 N5 O6 P,"[(2R,3S,5R)-5-(4-azanylpyrazolo[3,4-d]pyrimidin-2-yl)-3-oxidanyl-oxolan-2-yl]methyl dihydrogen phosphate","Nc1ncnc2nn(cc12)[C@H]1C[C@H](O)[C@@H](COP(O)(O)=O)O1 |r,@:17|"
4JA,318.21,C9 H19 O10 P,(2S)-3-[(6-deoxy-beta-D-glucopyranosyl)oxy]-2-hydroxypropyl dihydrogen phosphate,"C[C@H]1O[C@@H](OC[C@H](O)COP(O)(O)=O)[C@H](O)[C@@H](O)[C@@H]1O |r,@:10|"
4JF,1375.47,C68 H90 N6 O24,"(1R,1'R,2S,2'S,3R,3'R,5aR,10aR,11a'S)-2'-[(2,6-dideoxy-3-O-methyl-alpha-L-arabino-hexopyranosyl)oxy]-2,2'-diethyl-11,11'-dihydrazinyl-6,6',9,9'-tetrahydroxy-4,4',5,5',10,10'-hexaoxo-1,1'-bis{[2,4,6-trideoxy-4-(dimethylamino)-beta-L-arabino-hexopyranosyl]oxy}[2,2',3,3',4,4',5,5',5a,8,10,10',10a,11a'-tetradecahydro-1H,1'H-[3,3'-bibenzo[b]fluorene]]-2-yl 2,6-dideoxy-3-O-methyl-alpha-L-arabino-hexopyranoside","CC[C@@]1(O[C@H]2C[C@H](OC)[C@@H](O)[C@H](C)O2)[C@H](O[C@@H]2C[C@H](O)[C@H]([C@H](C)O2)N(C)C)[C@@H]2C(NN)=C3C(=C2C(=O)[C@@H]1[C@H]1C(=O)C2=C4[C@H](C(NN)=C2[C@@H](O[C@@H]2C[C@H](O)[C@H]([C@H](C)O2)N(C)C)[C@@]1(CC)O[C@H]1C[C@H](OC)[C@@H](O)[C@H](C)O1)C(=O)C1=C(O)CC=C(O)[C@@H]1C4=O)C(=O)c1c(O)ccc(O)c1C3=O |r,c:32,34,49,84,t:44,88,@:24,57|"
5AT,241.24,C10 H15 N3 O4,5'-AMINO-5'-DEOXYTHYMIDINE,Cc1cn([C@H]2C[C@H](O)[C@@H](CN)O2)c(=O)[nH]c1=O |r|
5CM,321.22,C10 H16 N3 O7 P,5-METHYL-2'-DEOXY-CYTIDINE-5'-MONOPHOSPHATE,"Cc1cn([C@H]2C[C@H](O)[C@@H](COP(O)(O)=O)O2)c(=O)nc1N |r,@:11|"
5GP,363.22,C10 H14 N5 O8 P,GUANOSINE-5'-MONOPHOSPHATE,"Nc1nc2n(cnc2c(=O)[nH]1)[C@@H]1O[C@H](COP(O)(O)=O)[C@@H](O)[C@H]1O |r,@:16|"
5MC,337.22,C10 H16 N3 O8 P,5-METHYLCYTIDINE-5'-MONOPHOSPHATE,"Cc1cn([C@@H]2O[C@H](COP(O)(O)=O)[C@@H](O)[C@H]2O)c(=O)nc1N |r,@:9|"
5MU,338.21,C10 H15 N2 O9 P,5-METHYLURIDINE 5'-MONOPHOSPHATE,"Cc1cn([C@@H]2O[C@H](COP(O)(O)=O)[C@@H](O)[C@H]2O)c(=O)[nH]c1=O |r,@:9|"
5OC,323.2,C9 H14 N3 O8 P,2'-deoxy-5-hydroxycytidine 5'-(dihydrogen phosphate),"Nc1nc(=O)n(cc1O)[C@H]1C[C@H](O)[C@@H](COP(O)(O)=O)O1 |r,@@:16|"
5PC,345.24,C12 H16 N3 O7 P,5(1-PROPYNYL)-2'-DEOXYCYTIDINE-5'-MONOPHOSPHATE,"CC#Cc1cn([C@H]2C[C@H](O)[C@@H](COP(O)(O)=O)O2)c(=O)nc1N |r,@@:13|"
63G,403.28,C13 H18 N5 O8 P,"(6S)-3-(2-deoxy-5-O-phosphono-beta-D-erythro-pentofuranosyl)-6-hydroxy-5,6,7,8-tetrahydropyrimido[1,2-a]purin-10(3H)-one","O[C@H]1C[C@@H](O[C@@H]1COP(O)(O)=O)n1cnc2c1nc1N[C@@H](O)CCn1c2=O |r,@@:8|"
63H,403.28,C13 H18 N5 O8 P,"(6R)-3-(2-deoxy-5-O-phosphono-beta-D-erythro-pentofuranosyl)-6-hydroxy-5,6,7,8-tetrahydropyrimido[1,2-a]purin-10(3H)-one","O[C@H]1C[C@@H](O[C@@H]1COP(O)(O)=O)n1cnc2c1nc1N[C@H](O)CCn1c2=O |r,@@:8|"
63T,212.1,C5 H9 O7 P,"[(2R,3S)-3-hydroxy-5-oxotetrahydrofuran-2-yl]methyl dihydrogen phosphate (non-preferred name)","O[C@H]1CC(=O)O[C@@H]1COP(O)(O)=O |r,@:9|"
64T,340.22,C10 H17 N2 O9 P,5-HYDROXY-THYMIDINE-5'-MONOPHOSPHATE,"C[C@@]1(O)CN([C@H]2C[C@H](O)[C@@H](COP(O)(O)=O)O2)C(=O)NC1=O |r,@@:12|"
6HA,345.25,C11 H16 N5 O6 P,"1',5'-ANHYDRO-2',3'-DIDEOXY-2'-(ADENIN-9-YL)-6'-O-PHOSPHORYL-D-ARABINO-HEXITOL","Nc1ncnc2n(cnc12)[C@@H]1CO[C@H](COP(O)(O)=O)[C@@H](O)C1 |r,@:16|"
6HB,401.31,C14 H20 N5 O7 P,2'-deoxy-N-[(2S)-2-hydroxybut-3-en-1-yl]adenosine 5'-(dihydrogen phosphate),"O[C@H](CNc1ncnc2n(cnc12)[C@H]1C[C@H](O)[C@@H](COP(O)(O)=O)O1)C=C |r,@:20|"
6HC,321.22,C10 H16 N3 O7 P,"1',5'-ANHYDRO-2',3'-DIDEOXY-2'-(CYTOSIN-1-YL)-6'-O-PHOSPHORYL-D-ARABINO-HEXITOL","Nc1ccn([C@@H]2CO[C@H](COP(O)(O)=O)[C@@H](O)C2)c(=O)n1 |r,@:11|"
6HG,361.25,C11 H16 N5 O7 P,"1',5'-ANHYDRO-2',3'-DIDEOXY-2'-(GUANIN-9-YL)-6'-O-PHOSPHORYL-D-ARABINO-HEXITOL","Nc1nc2n(cnc2c(=O)[nH]1)[C@@H]1CO[C@H](COP(O)(O)=O)[C@@H](O)C1 |r,@:17|"
6HT,336.23,C11 H17 N2 O8 P,"1',5'-ANHYDRO-2',3'-DIDEOXY-2'-(THYMIN-1-YL)-6'-O-PHOSPHORYL-D-ARABINO-HEXITOL","Cc1cn([C@@H]2CO[C@H](COP(O)(O)=O)[C@@H](O)C2)c(=O)[nH]c1=O |r,@:10|"
6IA,417.35,C15 H24 N5 O7 P,N6-ISOPENTENYL-ADENOSINE-5'-MONOPHOSPHATE,"CC(C)CCNc1ncnc2n(cnc12)[C@@H]1O[C@H](COP(O)(O)=O)[C@@H](O)[C@H]1O |r,@:1,20|"
6MA,345.25,C11 H16 N5 O6 P,N6-METHYL-DEOXY-ADENOSINE-5'-MONOPHOSPHATE,"CNc1ncnc2n(cnc12)[C@H]1C[C@H](O)[C@@H](COP(O)(O)=O)O1 |r,@:18|"
6MZ,361.25,C11 H16 N5 O7 P,N6-METHYLADENOSINE-5'-MONOPHOSPHATE,"CNc1ncnc2n(cnc12)[C@@H]1O[C@H](COP(O)(O)=O)[C@@H](O)[C@H]1O |r,@@:16|"
6XM,510.63,C31 H34 N4 O3,"8,12-bis(2-morpholinoethyl)-8H-benzo[ij]xantheno[1,9,8-cdef][2,7]naphthyridin-12-iumhexafluorophosphate","[H][C@@+]12c3c4Oc5cccc(N(CCN6CCOCC6)c6cccc(N(CCN7CCOCC7)c3ccc4)c16)c25 |r,@@:13,27|"
70U,412.31,C12 H17 N2 O10 P S,5-(O-METHYLACETO)-2-THIO-2-DEOXY-URIDINE-5'-MONOPHOSPHATE,"COC(=O)Cc1cn([C@@H]2O[C@H](COP(O)(O)=O)[C@@H](O)[C@H]2O)c(=S)[nH]c1=O |r,@:13|"
7GU,346.23,C11 H15 N4 O7 P,7-DEAZA-2'-DEOXYGUANOSINE-5'-MONOPHOSPHATE,"Nc1nc2n(ccc2c(=O)[nH]1)[C@H]1C[C@H](O)[C@@H](COP(O)(O)=O)O1 |r,@@:18|"
8MG,361.25,C11 H16 N5 O7 P,8-METHYL-2'-DEOXYGUANOSINE-5'-MONOPHOSPHATE,"Cc1nc2c(nc(N)[nH]c2=O)n1[C@H]1C[C@H](O)[C@@H](COP(O)(O)=O)O1 |r,@@:19|"
8OG,363.22,C10 H14 N5 O8 P,8-OXO-2'-DEOXY-GUANOSINE-5'-MONOPHOSPHATE,"Nc1nc2n([C@H]3C[C@H](O)[C@@H](COP(O)(O)=O)O3)c(=O)[nH]c2c(=O)[nH]1 |r,@:12|"
8XA,347.22,C10 H14 N5 O7 P,9-(5-O-phosphono-beta-D-xylofuranosyl)-9H-purin-6-amine,"Nc1ncnc2n(cnc12)[C@@H]1O[C@H](COP(O)(O)=O)[C@H](O)[C@H]1O |r,@:15|"
8XC,323.2,C9 H14 N3 O8 P,4-amino-1-(5-O-phosphono-beta-D-xylofuranosyl)pyrimidin-2(1H)-one,"Nc1ccn([C@@H]2O[C@H](COP(O)(O)=O)[C@H](O)[C@H]2O)c(=O)n1 |r,@:10|"
8XG,363.22,C10 H14 N5 O8 P,"2-amino-9-(5-O-phosphono-beta-D-xylofuranosyl)-1,9-dihydro-6H-purin-6-one","Nc1nc2n(cnc2c(=O)[nH]1)[C@@H]1O[C@H](COP(O)(O)=O)[C@H](O)[C@H]1O |r,@:16|"
8XU,324.18,C9 H13 N2 O9 P,"1-(5-O-phosphono-beta-D-xylofuranosyl)pyrimidine-2,4(1H,3H)-dione","O[C@H]1[C@@H](COP(O)(O)=O)O[C@H]([C@@H]1O)n1ccc(=O)[nH]c1=O |r,@:5|"
8YN,291.2,C9 H14 N3 O6 P,pseudopisocytidine,"Nc1ncc([C@H]2C[C@H](O)[C@@H](COP(O)O)O2)c(=O)[nH]1 |r,@:12|"
A2L,405.3,C13 H20 N5 O8 P,3'-O-METHYOXYETHYL-ADENOSINE 5'-MONOPHOSPHATE,"COCCO[C@@H]1[C@@H](COP(O)(O)=O)O[C@H]([C@@H]1O)n1cnc2c(N)ncnc12 |r,@@:9|"
A2M,361.25,C11 H16 N5 O7 P,2'-O-methyladenosine 5'-(dihydrogen phosphate),"CO[C@@H]1[C@H](O)[C@@H](COP(O)(O)=O)O[C@H]1n1cnc2c(N)ncnc12 |r,@:8|"
A38,347.22,C10 H14 N5 O7 P,8-OXY DEOXYADENOSINE-5'-MONOPHOSPHATE,"Nc1ncnc2n([C@H]3C[C@H](O)[C@@H](COP(O)(O)=O)O3)c(=O)[nH]c12 |r,@:14|"
A3A,331.22,C10 H14 N5 O6 P,2'DEOXY-ALPHA-ANOMERIC-ADENOSINE-5'-PHOSPHATE,"Nc1ncnc2n(cnc12)[C@@H]1C[C@H](O)[C@@H](COP(O)(O)=O)O1 |r,@@:17|"
A44,405.3,C13 H20 N5 O8 P,2'-O-METHYOXYETHYL-ADENOSINE 5'-MONOPHOSPHATE,"COCCO[C@@H]1[C@H](O)[C@@H](COP(O)(O)=O)O[C@H]1n1cnc2c(N)ncnc12 |r,@@:11|"
A4A,263.25,C16 H9 N O3,"[1,3]benzodioxolo[6,5,4-cd]benzo[f]indol-5(6H)-one",O=C1Nc2cc3ccccc3c3c4OCOc4cc1c23
A5L,349.21,C10 H13 F N5 O6 P,9-(2-deoxy-2-fluoro-5-O-phosphono-beta-D-arabinofuranosyl)-9H-purin-6-amine,"Nc1ncnc2n(cnc12)[C@@H]1O[C@H](COP(O)(O)=O)[C@@H](O)[C@@H]1F |r,@@:15|"
A5O,347.22,C10 H14 N5 O7 P,ADENINE ARABINOSE-5'-PHOSPHATE,"Nc1ncnc2n(cnc12)[C@@H]1O[C@H](COP(O)(O)=O)[C@@H](O)[C@@H]1O |r,@@:15|"
AAB,214.11,C5 H11 O7 P,2'-DEOXY-RIBOFURANOSE-5'-MONOPHOSPHATE,"O[C@H]1C[C@H](O)[C@@H](COP(O)(O)=O)O1 |r,@:8|"
AAR,174.22,C6 H16 N5 O,ARGININEAMIDE,N[C@@H](CCCNC(N)=[NH2+])C(N)=O |r|
ABR,451.37,C18 H22 N5 O7 P,(R)-(N-PHENYL-2-HYDROXY-ETHYL)-2'-DEOXY-ADENOSINE-5'-MONOPHOSPHATE,"O[C@@H](CNc1ncnc2n(cnc12)[C@H]1C[C@H](O)[C@@H](COP(O)(O)=O)O1)c1ccccc1 |r,@:20|"
ABS,451.37,C18 H22 N5 O7 P,(S)-(N-PHENYL-2-HYDROXY-ETHYL)-2'-DEOXY-ADENOSINE-5'-MONOPHOSPHATE,"O[C@H](CNc1ncnc2n(cnc12)[C@H]1C[C@H](O)[C@@H](COP(O)(O)=O)O1)c1ccccc1 |r,@:20|"
ACE,44.05,C2 H4 O,ACETYL GROUP,CC=O
AF,181.23,C13 H11 N,2-AMINOFLUORENE,Nc1ccc-2c(Cc3ccccc-23)c1
AF2,349.21,C10 H13 F N5 O6 P,2'-deoxy-2'-fluoroadenosine 5'-(dihydrogen phosphate),"Nc1ncnc2n(cnc12)[C@@H]1O[C@H](COP(O)(O)=O)[C@@H](O)[C@H]1F |r,@@:15|"
AFF,223.27,C15 H13 N O,2-ACETYLAMINOFLUORENE-3-YL,CC(=O)Nc1ccc-2c(Cc3ccccc-23)c1
AFN,330.29,C17 H14 O7,"8,9-DIHYDRO-9-HYDROXY-AFLATOXIN B1",COc1cc2O[C@H]3OC[C@H](O)[C@H]3c2c2oc(=O)c3C(=O)CCc3c12 |r|
AG,107.87,Ag,SILVER ION,[Ag+]
AIK,542.65,C25 H34 N8 O4 S,"N-[3-(DIMETHYLAMINO)PROPYL]-2-({[4-({[4-(FORMYLAMINO)-1-METHYL-1H-PYRROL-2-YL]CARBONYL}AMINO)-1-METHYL-1H-PYRROL-2-YL]CARBONYL}AMINO)-5-ISOPROPYL-1,3-THIAZOLE-4-CARBOXAMIDE","CC(C)c1sc(NC(=O)c2cc(NC(=O)c3cc(NC=O)cn3C)cn2C)nc1C(=O)NCCCN(C)C |@:1,35|"
AM2,539.58,C21 H41 N5 O11,APRAMYCIN,CN[C@H]1[C@@H](O)[C@H]2O[C@H](O[C@@H]3[C@@H](N)C[C@@H](N)[C@H](O)[C@H]3O)[C@H](N)C[C@@H]2O[C@@H]1O[C@H]1O[C@H](CO)[C@@H](N)[C@H](O)[C@H]1O |r|
AMP,347.22,C10 H14 N5 O7 P,ADENOSINE MONOPHOSPHATE,"Nc1ncnc2n(cnc12)[C@@H]1O[C@H](COP(O)(O)=O)[C@@H](O)[C@H]1O |r,@@:15|"
AP,217.26,C16 H11 N,N-1-AMINOPYRENE,Nc1ccc2ccc3cccc4ccc1c2c34
AP7,348.23,C10 H15 N5 O7 P,N1-PROTONATED ADENOSINE-5'-MONOPHOSPHATE,"Nc1[nH+]cnc2n(cnc12)[C@@H]1O[C@H](COP(O)(O)=O)[C@@H](O)[C@H]1O |r,@:15|"
APN,294.29,C11 H16 N7 O3,2-AMINOETHYLGLYCINE-CARBONYLMETHYLENE-ADENINE,Nc1ncnc2n(CC(=O)N(CC[NH3+])CC(O)=O)cnc12
AQC,251.24,C15 H9 N O3,"9,10-dioxo-9,10-dihydroanthracene-2-carboxamide",NC(=O)c1ccc2C(=O)c3ccccc3C(=O)c2c1
AR1,486.51,C20 H28 N11 O4,(2-{[4-({4-[(4-FORMYLAMINO-1-METHYL-1H-IMIDAZOLE-2-CARBONYL)-AMINO]-1-METHYL-1H-IMIDAZOLE-2-CARBONYL}-AMINO)-1-METHYL-1H-IMIDAZOLE-2-CARBONYL]-AMINO}-ETHYL)-DIMETHYL-AMMONIUM,C[NH+](C)CCNC(=O)c1nc(NC(=O)c2nc(NC(=O)c3nc(NC=O)cn3C)cn2C)cn1C |@:1|
ARG,175.21,C6 H15 N4 O2,ARGININE,N[C@@H](CCCNC(N)=[NH2+])C(O)=O
ARI,174.19,C8 H14 O4,"[O4]-ACETOXY-2,3-DIDEOXYFUCOSE",C[C@H]1O[C@@H](O)CC[C@H]1OC(C)=O |r|
ARM,172.23,C7 H16 N4 O,DEOXY-METHYL-ARGININE,CC(=O)[C@@H](N)CCCNC(N)=N |r|
AS,347.29,C10 H14 N5 O5 P S,2-DEOXY-ADENOSINE -5'-THIO-MONOPHOSPHATE,"Nc1ncnc2n(cnc12)[C@H]1C[C@H](O)[C@@H](COP(O)(O)=S)O1 |r,@:17|"
ATD,322.21,C10 H15 N2 O8 P,THYMIDINE-3'-PHOSPHATE,"Cc1cn([C@@H]2C[C@H](OP(O)(O)=O)[C@@H](CO)O2)c(=O)[nH]c1=O |r,@:8|"
ATL,350.22,C11 H15 N2 O9 P,"[(1S,3R,4S,7R)-7-HYDROXY-3-(THYMIN-1-YL)-2,5-DIOXABICYCLO[2.2.1]HEPT-1-YL]METHYL DIHYDROGEN PHOSPHATE","Cc1cn([C@@H]2O[C@]3(COP(O)(O)=O)CO[C@H]2[C@H]3O)c(=O)[nH]c1=O |r,@:9,TLB:3:4:16:14.13,THB:17:16:5.4:14.13|"
AUZ,794.41,C24 H24 Au2 N4 O2,"bis(m2-Oxo)-bis(2-methyl-2,2'-bipyridine)-di-gold(iii)","Cc1cccc2-c3cccc(C)[n+]3[Au]3(O[Au]4(O3)[n+]3c(cccc3C)-c3cccc(C)[n+]43)[n+]12 |@:15,@@:13|"
AZW,322.25,C14 H15 N2 O5 P,4-{(E)-[4-(hydroxymethyl)phenyl]diazenyl}benzyl dihydrogen phosphate,OCc1ccc(cc1)\N=N\c1ccc(COP(O)(O)=O)cc1 |@:16|
BAP,304.34,C20 H16 O3,"1,2,3-TRIHYDROXY-1,2,3,4-TETRAHYDROBENZO[A]PYRENE",O[C@@H]1Cc2c(cc3ccc4cccc5ccc2c3c45)[C@@H](O)[C@@H]1O |r|
BB9,119.14,C3 H5 N O2 S,(2Z)-2-amino-3-sulfanylprop-2-enoic acid,N\C(=C/S)C(O)=O
BC,330.38,C22 H18 O3,BENZO[G]CHRYSENE,O[C@H]1Cc2c(ccc3c4ccccc4c4ccccc4c23)[C@H](O)[C@H]1O |r|
BDA,1159.19,C62 H66 N2 O20,4-METHYLBENZYL-N-BIS[DAUNOMYCIN],COc1cccc2C(=O)c3c(O)c4C[C@](O)(C[C@H](O[C@H]5C[C@H]([NH2+]Cc6ccc(C[NH2+][C@H]7C[C@H](O[C@H]8C[C@@](O)(Cc9c(O)c%10C(=O)c%11cccc(OC)c%11C(=O)c%10c(O)c89)C(C)=O)O[C@@H](C)[C@H]7O)cc6)[C@H](O)[C@H](C)O5)c4c(O)c3C(=O)c12)C(C)=O |r|
BDG,178.19,C6 H14 N2 O4,"O-2,6-DIAMINO-2,6-DIDEOXY-ALPHA-D-GLUCOPYRANOSE",NC[C@H]1O[C@H](O)[C@H](N)[C@@H](O)[C@@H]1O |r|
BDR,150.13,C5 H10 O5,BETA-D-RIBOFURANOSYL,OC[C@H]1O[C@@H](O)[C@H](O)[C@@H]1O |r|
BGM,426.12,C10 H13 Br N5 O7 P,8-BROMO-2'-DEOXYGUANOSINE-5'-MONOPHOSPHATE,"Nc1nc2n([C@H]3C[C@H](O)[C@@H](COP(O)(O)=O)O3)c(Br)nc2c(=O)[nH]1 |r,@@:12|"
BGR,344.05,C10 H16 B N5 O6 P,"[[(2R,3S,5R)-5-(2-azanyl-6-oxo-1H-purin-9-yl)-3-hydroxy-oxolan-2-yl]methoxy-hydroxy-phosphoryl]boranuide",[BH3-][P@@](O)(=O)OC[C@H]1O[C@H](C[C@@H]1O)n1cnc2c1nc(N)[nH]c2=O |r|
BIZ,746.81,C43 H38 N8 O5,BIZELESIN,C[C@@H]1CN(C(=O)c2cc3cc(NC(=O)Nc4ccc5[nH]c(cc5c4)C(=O)N4C[C@@H](C)c5c4cc(O)c4[nH]cc(C)c54)ccc3[nH]2)c2cc(O)c3[nH]cc(C)c3c12 |r|
BLB,1426.52,C55 H85 N20 O21 S2,BLEOMYCIN B2,C[C@@H](O)[C@H](NC(=O)[C@@H](C)[C@H](O)[C@@H](C)NC(=O)[C@@H](NC(=O)c1nc(nc(N)c1C)[C@H](CC(N)=O)NC[C@H](N)C(N)=O)[C@@H](O[C@@H]1O[C@@H](CO)[C@@H](O)[C@H](O)[C@@H]1O[C@H]1O[C@H](CO)[C@@H](O)[C@H](OC(N)=O)[C@@H]1O)c1c[nH]cn1)C(=O)NCCc1nc(cs1)-c1nc(cs1)C(=O)NCCCCNC(N)=[NH2+] |r|
BLM,1416.56,C55 H85 N17 O21 S3,BLEOMYCIN A2,"C[C@@H](O)[C@H](NC(=O)[C@@H](C)[C@H](O)[C@@H](C)NC(=O)[C@@H](NC(=O)c1nc(nc(N)c1C)[C@H](CC(N)=O)NC[C@H](N)C(N)=O)[C@@H](O[C@@H]1O[C@@H](CO)[C@@H](O)[C@H](O)[C@@H]1O[C@H]1O[C@H](CO)[C@@H](O)[C@H](OC(N)=O)[C@@H]1O)c1c[nH]cn1)C(=O)NCCc1nc(cs1)-c1nc(cs1)C(=O)NCCCS(C)C |r,@:93|"
BNR,1159.19,C62 H66 N2 O20,BIS-DAUNORUBICIN,COc1cccc2C(=O)c3c(O)c4C[C@](O)(C[C@H](O[C@H]5C[C@H](O)[C@H]([NH2+]Cc6ccc(C[NH2+][C@H]7[C@@H](O)C[C@H](O[C@H]8C[C@@](O)(Cc9c(O)c%10C(=O)c%11cccc(OC)c%11C(=O)c%10c(O)c89)C(C)=O)O[C@H]7C)cc6)[C@H](C)O5)c4c(O)c3C(=O)c12)C(C)=O |r|
BPA,304.34,C20 H16 O3,"7S,8R,9R-TRIHYDROXY-7,8,9,10-TETRAHYDRO BENZO[A]PYRENE",O[C@@H]1Cc2c(cc3ccc4cccc5ccc2c3c45)[C@H](O)[C@H]1O |r|
BPI,280.32,C18 H16 O3,"(1S)-1,2,3,4-TETRAHYDRO-BENZO[C]PHENANTHRENE-2,3,4-TRIOL",O[C@@H]1Cc2c(ccc3ccc4ccccc4c23)[C@@H](O)[C@@H]1O |r|
BPJ,280.32,C18 H16 O3,"(1R)-1,2,3,4-TETRAHYDRO-BENZO[C]PHENANTHRENE-2,3,4-TRIOL",O[C@H]1Cc2c(ccc3ccc4ccccc4c23)[C@H](O)[C@H]1O |r|
BPT,617.34,C4 H24 Cl2 N6 Pt2,BIS(TRANS-PLATINUM ETHYLENEDIAMINE DIAMINE CHLORO)COMPLEX,[H][N]([H])([H])[Pt](Cl)([N]([H])([H])[H])[N]([H])([H])CCCC[N]([H])([H])[Pt](Cl)([N]([H])([H])[H])[N]([H])([H])[H]
BZA,280.32,C18 H16 O3,"1R,2S,3R,4S-TETRAHYDRO-BENZO[A]ANTHRACENE-2,3,4-TRIOL",O[C@H]1Cc2c(ccc3cc4ccccc4cc23)[C@H](O)[C@H]1O |r|
BZR,280.32,C18 H16 O3,"1S,2R,3S,4R-TETRAHYDRO-BENZO[A]ANTHRACENE-2,3,4-TRIOL",O[C@@H]1Cc2c(ccc3cc4ccccc4cc23)[C@@H](O)[C@@H]1O |r|
C2L,395.3,C13 H22 N3 O9 P,5-METHYL-3'-O-METHOXYETHYL CYTIDINE 5'-MONOPHOSPHATE,"COCCO[C@@H]1[C@@H](COP(O)(O)=O)O[C@H]([C@@H]1O)n1cc(C)c(N)nc1=O |r,@@:9|"
C2S,339.33,C9 H14 N3 O5 P S2,CYTIDINE-5'-DITHIOPHOSPHORATE,Nc1ccn([C@H]2C[C@H](O)[C@@H](CO[P@@](O)(S)=S)O2)c(=O)n1 |r|
C4Q,313.44,C18 H27 N5,"4-(1,4,7,10-tetraazacyclododecan-1-ylmethyl)quinoline",C(N1CCNCCNCCNCC1)c1ccnc2ccccc12 |@:1|
C4S,323.26,C9 H14 N3 O6 P S,2'-deoxy-4'-thiocytidine 5'-(dihydrogen phosphate),"Nc1ccn([C@H]2C[C@H](O)[C@@H](COP(O)(O)=O)S2)c(=O)n1 |r,@@:12|"
C5L,395.3,C13 H22 N3 O9 P,2'-O-(2-methoxyethyl)-5-methylcytidine 5'-(dihydrogen phosphate),"COCCO[C@@H]1[C@H](O)[C@@H](COP(O)(O)=O)O[C@H]1n1cc(C)c(N)nc1=O |r,@@:11|"
C5P,323.2,C9 H14 N3 O8 P,CYTIDINE-5'-MONOPHOSPHATE,"Nc1ccn([C@@H]2O[C@H](COP(O)(O)=O)[C@@H](O)[C@H]2O)c(=O)n1 |r,@:10|"
CAR,323.2,C9 H14 N3 O8 P,CYTOSINE ARABINOSE-5'-PHOSPHATE,"Nc1ccn([C@@H]2O[C@H](COP(O)(O)=O)[C@@H](O)[C@@H]2O)c(=O)n1 |r,@:10|"
CCI,976.86,C38 H61 I N2 O17 S,CALICHEAMICIN GAMMA-1-OLIGOSACCHARIDE,CCN[C@H]1CO[C@H](C[C@@H]1OC)O[C@@H]1[C@@H](O)[C@H](NO[C@H]2C[C@H](O)[C@H](SC(=O)c3c(C)c(I)c(O[C@@H]4O[C@@H](C)[C@H](O)[C@@H](OC)[C@H]4O)c(OC)c3OC)[C@@H](C)O2)[C@@H](C)O[C@H]1OC |r|
CDR,132.16,C6 H12 O3,"2,3-DIDEOXYFUCOSE",C[C@H]1O[C@@H](O)CC[C@@H]1O |r|
CFL,325.19,C9 H13 F N3 O7 P,4-amino-1-(2-deoxy-2-fluoro-5-O-phosphono-beta-D-arabinofuranosyl)pyrimidin-2(1H)-one,"Nc1ccn([C@@H]2O[C@H](COP(O)(O)=O)[C@@H](O)[C@@H]2F)c(=O)n1 |r,@@:10|"
CFZ,325.19,C9 H13 F N3 O7 P,2'-deoxy-2'-fluorocytidine 5'-(dihydrogen phosphate),"Nc1ccn([C@@H]2O[C@H](COP(O)(O)=O)[C@@H](O)[C@H]2F)c(=O)n1 |r,@:10|"
CG1,377.25,C11 H16 N5 O8 P,5'-O-[(R)-hydroxy(methoxy)phosphoryl]guanosine,CO[P@](O)(=O)OC[C@H]1O[C@H]([C@H](O)[C@@H]1O)n1cnc2c1nc(N)[nH]c2=O |r|
CH,324.2,C9 H15 N3 O8 P,N3-PROTONATED CYTIDINE-5'-MONOPHOSPHATE,"Nc1cc[n+]([C@@H]2O[C@H](COP(O)(O)=O)[C@@H](O)[C@H]2O)c(=O)[nH]1 |r,@:10|"
CHD,408.57,C24 H40 O5,CHOLIC ACID,C[C@H](CCC(O)=O)[C@H]1CC[C@H]2[C@@H]3[C@H](O)C[C@@H]4C[C@H](O)CC[C@]4(C)[C@H]3C[C@H](O)[C@]12C |r|
CIR,175.19,C6 H13 N3 O3,CITRULLINE,N[C@@H](CCCNC(N)=O)C(O)=O |r|
CM0,398.22,C11 H15 N2 O12 P,5-(CARBOXYMETHOXY) URIDINE-5'-MONOPHOSPHATE,"O[C@@H]1[C@@H](COP(O)(O)=O)O[C@H]([C@@H]1O)n1cc(OCC(O)=O)c(=O)[nH]c1=O |r,@:5|"
CMR,305.22,C10 H16 N3 O6 P,2'-DEOXY-CYTIDINE-5'-RP-MONOMETHYLPHOSPHONATE,C[P@](O)(=O)OC[C@H]1O[C@H](C[C@@H]1O)n1ccc(N)nc1=O |r|
CO,58.93,Co,COBALT (II) ION,[Co++]
CPC,129.16,C6 H11 N O2,2-METHYL-1-METHYLAMINO-CYCLOPROPANE CARBOXYLIC ACID,CN[C@]1(C[C@@H]1C)C(O)=O |r|
CPH,420.41,C21 H24 O9,"(1S)-5-deoxy-1-O-methyl-1-C-[(2R,3S)-3,5,7,10-tetrahydroxy-6-methyl-4-oxo-1,2,3,4-tetrahydroanthracen-2-yl]-D-xylulose",CO[C@@H]([C@@H]1Cc2cc3cc(O)c(C)c(O)c3c(O)c2C(=O)[C@H]1O)C(=O)[C@@H](O)[C@@H](C)O |r|
CPN,270.27,C10 H16 N5 O4,2-AMINOETHYLGLYCINE-CARBONYLMETHYLENE-CYTOSINE,Nc1ccn(CC(=O)N(CC[NH3+])CC(O)=O)c(=O)n1
CPT,300.05,Cl2 H6 N2 Pt,Cisplatin,[H][N]([H])([H])[Pt](Cl)(Cl)[N]([H])([H])[H]
CRH,388.41,C21 H24 O7,"1,2-HYDRO-1-OXY-3,4-HYDRO-3-(1-METHOXY-2-OXY-3,4-DIHYDROXYPENTYL)-8,9-DIHYROXY-7-METHYLANTHRACENE",CO[C@@H]([C@H]1CC(=O)c2c(C1)cc1ccc(C)c(O)c1c2O)C(=O)[C@@H](O)[C@@H](C)O |r|
CTG,356.22,C10 H17 N2 O10 P,"(5R,6S)-5,6-DIHYDRO-5,6-DIHYDROXYTHYMIDINE-5'-MONOPHOSPHATE","C[C@@]1(O)[C@H](O)N([C@H]2C[C@H](O)[C@@H](COP(O)(O)=O)O2)C(=O)NC1=O |r,@:13|"
CYE,948.02,C45 H55 N16 O8,"45-(3-AMINOPROPYL)-5,11,22,28,34-PENTAMETHYL-3,9,15,20,26,32,38,43-OCTAOXO-2,5,8,14,19,22,25,28,31,34,37,42,45,48-TETRADECAAZA-11-AZONIAHEPTACYCLO[42.2.1.1~4,7~.1~10,13~.1~21,24~.1~27,30~.1~33,36~]DOPENTACONTA-1(46),4(52),6,10(51),12,21(50),23,27(49),29,33(48),35,44(47)-DODECAENE","C[N@H+]1C=C2NC(=O)CCCNC(=O)c3cc(NC(=O)c4cc(NC(=O)c5nc(NC(=O)CCCNC(=O)c6cc(NC(=O)c7cc(NC(=O)C1=C2)cn7C)cn6CCCN)cn5C)cn4C)cn3C |r,t:2|"
CYY,162.19,C6 H14 N2 O3,2-DEOXYSTREPTAMINE,N[C@H]1C[C@@H](N)[C@H](O)[C@@H](O)[C@@H]1O |r|
D00,335.25,C11 H18 N3 O7 P,2'-deoxy-N-ethylcytidine 5'-(dihydrogen phosphate),"CCNc1ccn([C@H]2C[C@H](O)[C@@H](COP(O)(O)=O)O2)c(=O)n1 |r,@@:14|"
D3,459.39,C21 H22 N3 O7 P,1-(2-DEOXY-BETA-D-RIBOFURANOSYL)-4-(3-BENZAMIDO)PHENYLIMIDAZOLE,"O[C@H]1C[C@@H](O[C@@H]1COP(O)(O)=O)n1cnc(c1)-c1cccc(NC(=O)c2ccccc2)c1 |r,@:8|"
D33,264.17,C8 H13 N2 O6 P,1-(2-deoxy-5-O-phosphono-beta-D-erythro-pentofuranosyl)-1H-imidazole,"O[C@H]1C[C@@H](O[C@@H]1COP(O)(O)=O)n1ccnc1 |r,@:8|"
D3N,380.29,C16 H17 N2 O7 P,1-(2-deoxy-5-O-phosphono-beta-D-erythro-pentofuranosyl)-1H-perimidin-2(3H)-one,"O[C@H]1C[C@@H](O[C@@H]1COP(O)(O)=O)n1c2cccc3cccc([nH]c1=O)c23 |r,@@:8|"
DAG,163.17,C6 H13 N O4,"4,6-DIDEOXY-4-AMINO-BETA-D-GLUCOPYRANOSIDE",C[C@H]1O[C@@H](O)[C@H](O)[C@@H](O)[C@@H]1N |r|
DAJ,246.29,C13 H16 N3 O2,"DECARBAMOYL-2,7-DIAMINOMITOSENE","Cc1c2C[C@@H]([NH3+])Cn2c2c1C(=O)C(N)=C(C)C2=O |r,t:15|"
DAR,175.21,C6 H15 N4 O2,D-ARGININE,N[C@H](CCCNC(N)=[NH2+])C(O)=O |r|
DBU,101.1,C4 H7 N O2,(2Z)-2-AMINOBUT-2-ENOIC ACID,C\C=C(/N)C(O)=O
DC,307.2,C9 H14 N3 O7 P,2'-DEOXYCYTIDINE-5'-MONOPHOSPHATE,"Nc1ccn([C@H]2C[C@H](O)[C@@H](COP(O)(O)=O)O2)c(=O)n1 |r,@:12|"
DCM,307.2,C9 H14 N3 O7 P,2'-DEOXYCYTIDINE-5'-MONOPHOSPHATE,"Nc1ccn([C@H]2C[C@H](O)[C@@H](COP(O)(O)=O)O2)c(=O)n1 |r,@:12|"
DCY,121.16,C3 H7 N O2 S,D-CYSTEINE,N[C@H](CS)C(O)=O |r|
DDA,148.16,C6 H12 O4,"2,6-DIDEOXY-BETA-D-GLUCOSE",C[C@H]1O[C@@H](O)C[C@@H](O)[C@@H]1O |r|
DDI,529.58,C31 H31 N O7,"SPIRO[NAPHTHALENE-2(3H),3'(10'H)-PENTALENO[1,2-B]NAPHTHALENE]-3,10'-DIONE, 2'-[(2-AMINO-2-DEOXY-B-D-GULOPYRANOSYL)OXY]-1,1',2',3'A,4,10'A-HEXAHYDRO-,(2'R,3'AS,10'AR)-(9CI)",N[C@@H]1[C@@H](O)[C@H](O)[C@@H](CO)O[C@H]1O[C@H]1C[C@H]2[C@H](c3cc4ccccc4cc3C2=O)[C@@]11C(=O)CCc2ccccc12 |r|
DDL,148.16,C6 H12 O4,"2,6-DIDEOXY-BETA-D-GALACTOSE",C[C@H]1O[C@@H](O)C[C@@H](O)[C@H]1O |r|
DFT,324.21,C12 H15 F2 O6 P,"1-[2-DEOXYRIBOFURANOSYL]-2,4-DIFLUORO-5-METHYL-BENZENE-5'MONOPHOSPHATE","Cc1cc([C@H]2C[C@H](O)[C@@H](COP(O)(O)=O)O2)c(F)cc1F |r,@:11|"
DGT,507.18,C10 H16 N5 O13 P3,2'-DEOXYGUANOSINE-5'-TRIPHOSPHATE,"Nc1nc2n(cnc2c(=O)[nH]1)[C@H]1C[C@H](O)[C@@H](CO[P@](O)(=O)O[P@](O)(=O)OP(O)(O)=O)O1 |r,@@:26|"
DHA,87.08,C3 H5 N O2,2-AMINO-ACRYLIC ACID,NC(=C)C(O)=O
DLF,148.16,C6 H12 O4,2-DEOXY-ALPHA-L-FUCOPYRANOSIDE,C[C@@H]1O[C@@H](O)C[C@H](O)[C@@H]1O |r|
DMY,481.51,C22 H27 N9 O4,DISTAMYCIN A,Cn1cc(NC=O)cc1C(=O)Nc1cc(C(=O)Nc2cc(C(=O)NCCC(N)=N)n(C)c2)n(C)c1
DNR,308.2,C9 H15 N3 O7 P,2'-DEOXY-N3-PROTONATED CYTIDINE-5'-MONOPHOSPHATE,"Nc1ccn([C@H]2C[C@H](O)[C@@H](COP(O)(O)=O)O2)c(=O)[nH+]1 |r,@@:12|"
DOC,291.2,C9 H14 N3 O6 P,"2',3'-DIDEOXYCYTIDINE-5'-MONOPHOSPHATE","Nc1ccn([C@H]2CC[C@@H](COP(O)(O)=O)O2)c(=O)n1 |r,@:11|"
DOP,322.42,C16 H35 O4 P,DIOCTYLPHOSPHATE,CCCCCCCCOP(O)(=O)OCCCCCCCC |@:9|
DPA,265.26,C13 H15 N O5,"4,5-DIMETHOXY-N-(2'-METHOXYPROPENOYL ANTHRANILATE)",COC(=C)C(=O)Nc1cc(OC)c(OC)cc1C=O
DPR,115.13,C5 H9 N O2,D-PROLINE,OC(=O)[C@H]1CCCN1 |r|
DRI,162.18,C7 H14 O4,"4-O-METHYL-2,6-DIDEOXY-BETA-D-GLUCOSE",CO[C@H]1[C@H](O)C[C@H](O)O[C@@H]1C |r|
DSA,479.48,C25 H25 N3 O7,"4-HYDROXY-8-METHYL-6-(4,5,6-TRIMETHOXY-1H-INDOLE-2-CARBONYL)-3,6,7,8-TETRAHYDRO-3,6-DIAZA-AS-INDACENE-2-CARBOXYLIC ACID METHYL ESTER",COC(=O)c1cc2c3[C@@H](C)CN(C(=O)c4cc5cc(OC)c(OC)c(OC)c5[nH]4)c3cc(O)c2[nH]1 |r|
DSI,389.4,C22 H19 N3 O4,"4-HYDROXY-6-(1H-INDOLE-2-CARBONYL)-8-METHYL-3,6,7,8-TETRAHYDRO-3,6-DIAZA-AS-INDACENE-2-CARBOXYLIC ACID METHYL ESTER",COC(=O)c1cc2c3[C@H](C)CN(C(=O)c4cc5ccccc5[nH]4)c3cc(O)c2[nH]1 |r|
DSN,105.09,C3 H7 N O3,D-SERINE,N[C@H](CO)C(O)=O |r|
DSR,164.22,C6 H12 O3 S,"2,6-DIDEOXY-4-THIO-BETA-D-ALLOSEPYRANOSIDE",C[C@H]1O[C@@H](O)C[C@H](O)[C@@H]1S |r|
DUO,509.51,C26 H27 N3 O8,"4-HYDROXY-2,8-DIMETHYL-1-OXO-6-(4,5,6-TRIMETHOXY-1H-INDOLE-2-CARBONYL)-1,2,3,6,7,8-HEXAHYDRO-3,6-DIAZA-AS-INDACENE-2-CARBOXYLIC ACID METHYL ESTER",COC(=O)[C@]1(C)Nc2c(C1=O)c1[C@H](C)CN(C(=O)c3cc4cc(OC)c(OC)c(OC)c4[nH]3)c1cc2O |r|
DVA,117.15,C5 H11 N O2,D-VALINE,"CC(C)[C@@H](N)C(O)=O |r,@:1|"
DXA,430.49,C24 H30 O7,"1,2-HYDRO-1-OXY-3,4-HYDRO-3-(1-METHOXY-2-OXY-3,4-DIHYDROXYPENTYL)-8,9-DIHYDROXY-7-(SEC-BUTYL)-ANTHRACENE",CC[C@@H](C)c1ccc2cc3C[C@H](CC(=O)c3c(O)c2c1O)[C@H](OC)C(=O)[C@@H](O)[C@@H](C)O |r|
DXB,388.41,C21 H24 O7,"1,2-HYDRO-1-OXY-3,4-HYDRO-3-(1-METHOXY-2-OXY-3,4-DIHYDROXYPENTYL)-8,9-DIHYDROXY-7-METHYL-ANTHRACENE",CO[C@@H]([C@H]1CC(=O)c2c(C1)cc1ccc(C)c(O)c1c2O)C(=O)[C@@H](O)[C@H](C)O |r|
DXD,212.14,C6 H13 O6 P,"(1S,3S,4R)-4-(PHOSPHOOXYMETHYL)-CYCLOPENTANE-1,3-DIOL","O[C@@H]1C[C@H](O)[C@@H](COP(O)(O)=O)C1 |r,@@:8|"
E,633.54,C30 H28 N5 O9 P,"N-((-)-(7S,8R,9S,10R)[7,8,9-TRIHYDROXY-7,8,9,10-TETRA HYDROBENZO[A]PYREN-10-YL])-2'-DEOXY-ADENOSINE-5'-MONOPHOSPHATE","O[C@H]1C[C@@H](O[C@@H]1COP(O)(O)=O)n1cnc2c(N[C@H]3[C@H](O)[C@H](O)[C@@H](O)c4cc5ccc6cccc7ccc(c34)c5c67)ncnc12 |r,@:8|"
EDC,331.22,C11 H14 N3 O7 P,"N3,N4-ETHENO-2'-DEOXYCYTIDINE-5'-MONOPHOSPHATE","O[C@H]1C[C@@H](O[C@@H]1COP(O)(O)=O)n1ccc2nccn2c1=O |r,@:8|"
EDI,486.16,C12 H16 I N4 O7 P,2'-deoxy-1-(2-iodoethyl)inosine,"O[C@H]1C[C@@H](O[C@@H]1COP(O)(O)=O)n1cnc2c1ncn(CCI)c2=O |r,@:8|"
EMP,175.23,C8 H17 N O3,"2,4-DIDEOXY-4-(ETHYLAMINO)-3-O-METHYL ALPHA-L-THREO-PENTOPYRANOSIDE",CCN[C@H]1CO[C@@H](O)C[C@@H]1OC |r|
ERI,204.22,C9 H16 O5,"4-O-ACETYL-2,6-DIDEOXY-3-C-METHYL-BETA-L-ARABINO-HEXOPYRANOSE",C[C@@H]1O[C@@H](O)C[C@](C)(O)[C@H]1OC(C)=O |r|
ESO,350.35,C18 H23 O5 P,O3-PHOSPHONOESTRONE,"C[C@]12CC[C@H]3[C@@H](CCc4cc(OP(O)(O)=O)ccc34)[C@@H]1CCC2=O |r,@:12|"
EU,151.96,Eu,EUROPIUM ION,[Eu++]
FAG,693.51,C27 H28 N5 O15 P,"[1',2'-DIDEOXY[2-AMINO-5-([9-HYDROXY-AFLATOXINB2-8-YL]-FORMYL-AMINO)-6-OXO-1,6-IHYDRO-PYRIMIDIN-4-YLAMINO]-RIBOFURANOSE]-5-MONOPHOSPHATE GROUP","COc1cc2O[C@H]3O[C@H]([C@H](O)[C@H]3c2c2oc(=O)c3C(=O)CCc3c12)N(C=O)c1c(N[C@H]2C[C@H](O)[C@@H](COP(O)(O)=O)O2)nc(N)[nH]c1=O |r,@@:37|"
FMN,456.34,C17 H21 N4 O9 P,FLAVIN MONONUCLEOTIDE,"Cc1cc2nc3c(nc(=O)[nH]c3=O)n(C[C@H](O)[C@H](O)[C@H](O)COP(O)(O)=O)c2cc1C |r,@:23|"
G0B,872.93,C29 H64 N18 O13,"(1S,2R,3S,4R,6S)-4,6-bis{[amino(iminio)methyl]amino}-2-{[3-O-(2,6-bis{[amino(iminio)methyl]amino}-2,6-dideoxy-beta-L-glucopyranosyl)-beta-D-arabinofuranosyl]oxy}-3-hydroxycyclohexyl 2,6-bis{[amino(iminio)methyl]amino}-2,6-dideoxy-beta-L-glucopyranoside",NC(=[NH2+])NC[C@@H]1O[C@H](O[C@@H]2[C@@H](CO)O[C@@H](O[C@@H]3[C@@H](O)[C@@H](C[C@H](NC(N)=[NH2+])[C@@H]3O[C@H]3O[C@@H](CNC(N)=[NH2+])[C@H](O)[C@@H](O)[C@@H]3NC(N)=[NH2+])NC(N)=[NH2+])[C@H]2O)[C@@H](NC(N)=[NH2+])[C@H](O)[C@H]1O |r|
G2L,421.3,C13 H20 N5 O9 P,3'-O-METHYOXYETHYL-GUANOSINE-5'-MONOPHOSPHATE,"COCCO[C@@H]1[C@@H](COP(O)(O)=O)O[C@H]([C@@H]1O)n1cnc2c1nc(N)[nH]c2=O |r,@@:9|"
G2S,379.35,C10 H14 N5 O5 P S2,GUANOSINE-5'-DITHIOPHOSPHORATE,Nc1nc2n(cnc2c(=O)[nH]1)[C@H]1C[C@H](O)[C@@H](CO[P@@](O)(S)=S)O1 |r|
G48,421.3,C13 H20 N5 O9 P,2'-O-METHYOXYETHYL-GUANOSINE-5'-MONOPHOSPHATE,"COCCO[C@@H]1[C@H](O)[C@@H](COP(O)(O)=O)O[C@H]1n1cnc2c1nc(N)[nH]c2=O |r,@:11|"
GAO,363.22,C10 H14 N5 O8 P,GUANINE ARABINOSE-5'-PHOSPHATE,"Nc1nc2n(cnc2c(=O)[nH]1)[C@@H]1O[C@H](COP(O)(O)=O)[C@@H](O)[C@@H]1O |r,@:16|"
GE1,146.19,C6 H14 N2 O2,"3,4-DIDEOXY-2,6-AMINO-ALPHA-D GALACTOPYRANOSE",NC[C@@H]1CC[C@@H](N)[C@@H](O)O1 |r|
GE2,130.19,C6 H14 N2 O,"3,5-DIAMINO-CYCLOHEXANOL",N[C@H]1C[C@@H](N)C[C@@H](O)C1 |r|
GE3,177.2,C7 H15 N O4,"5-METHYL-4-METHYLAMINO-TETRAHYDRO-PYRAN-2,3,5-TRIOL",CN[C@@H]1[C@@H](O)[C@@H](O)OC[C@]1(C)O |r|
GF0,285.23,C10 H12 F N5 O4,2'-deoxy-2'-fluoroguanosine,Nc1nc2n(cnc2c(=O)[nH]1)[C@@H]1O[C@H](CO)[C@@H](O)[C@H]1F |r|
GF2,365.21,C10 H13 F N5 O7 P,2'-deoxy-2'-fluoroguanosine 5'-(dihydrogen phosphate),"Nc1nc2n(cnc2c(=O)[nH]1)[C@@H]1O[C@H](COP(O)(O)=O)[C@@H](O)[C@H]1F |r,@@:16|"
GFL,365.21,C10 H13 F N5 O7 P,"2-AMINO-9-(2-DEOXY-2-FLUORO-5-O-PHOSPHONO-BETA-D-ARABINOFURANOSYL)-1,9-DIHYDRO-6H-PURIN-6-ONE","Nc1nc2n(cnc2c(=O)[nH]1)[C@@H]1O[C@H](COP(O)(O)=O)[C@@H](O)[C@@H]1F |r,@:16|"
GIQ,198.22,C11 H10 N4,"3-METHYL-3H-IMIDAZO[4,5-F]QUINOLIN-2-AMINE",Cn1c(N)nc2c1ccc1ncccc21
GMP,283.24,C10 H13 N5 O5,GUANOSINE,Nc1nc2n(cnc2c(=O)[nH]1)[C@@H]1O[C@H](CO)[C@@H](O)[C@H]1O |r|
GN7,347.22,C10 H14 N5 O7 P,N7-2'-DEOXY-GUANOSINE-5'-MONOPHOSPHATE,"Nc1nc2ncn([C@H]3C[C@H](O)[C@@H](COP(O)(O)=O)O3)c2c(=O)[nH]1 |r,@:14|"
GND,175.21,C6 H15 N4 O2,2-AMINO-5-GUANIDINO-PENTANOIC ACID,NC(=N)NCCC[C@H]([NH3+])C(O)=O |r|
GNE,371.24,C12 H14 N5 O7 P,"1,N2-ETHENOGUANINE","O[C@H]1C[C@@H](O[C@@H]1COP(O)(O)=O)n1cnc2c1nc1[nH]ccn1c2=O |r,@@:8|"
GPN,310.29,C11 H16 N7 O4,2-AMINOETHYLGLYCINE-CARBONYLMETHYLENE-GUANINE,Nc1nc2n(CC(=O)N(CC[NH3+])CC(O)=O)cnc2c(=O)[nH]1
GS,363.29,C10 H14 N5 O6 P S,GUANOSINE-5'-THIO-MONOPHOSPHATE,Nc1nc2n(cnc2c(=O)[nH]1)[C@H]1C[C@H](O)[C@@H](CO[P@](O)(S)=O)O1 |r|
GSR,467.37,C18 H22 N5 O8 P,2'-DEOXY-N2-(R)STYRENE OXIDE GUANOSINE MONOPHOSPHATE,"OC[C@H](Nc1nc2n(cnc2c(=O)[nH]1)[C@H]1C[C@H](O)[C@@H](COP(O)(O)=O)O1)c1ccccc1 |r,@:21|"
GSS,467.37,C18 H22 N5 O8 P,2'-DEOXY-N2-(S)STYRENE OXIDE GUANOSINE MONOPHOSPHATE,"OC[C@@H](Nc1nc2n(cnc2c(=O)[nH]1)[C@H]1C[C@H](O)[C@@H](COP(O)(O)=O)O1)c1ccccc1 |r,@:21|"
GTP,523.18,C10 H16 N5 O14 P3,GUANOSINE-5'-TRIPHOSPHATE,"Nc1nc2n(cnc2c(=O)[nH]1)[C@@H]1O[C@H](CO[P@@](O)(=O)O[P@@](O)(=O)OP(O)(O)=O)[C@@H](O)[C@H]1O |r,@@:24|"
H2U,326.2,C9 H15 N2 O9 P,"5,6-DIHYDROURIDINE-5'-MONOPHOSPHATE","O[C@H]1[C@@H](O)[C@@H](O[C@@H]1COP(O)(O)=O)N1CCC(=O)NC1=O |r,@:9|"
HEH,748.86,C41 H52 N2 O11,HEDAMYCIN,"C[C@@H]1O[C@H]1[C@@H]1O[C@@]1(C)c1cc(=O)c2c(C)cc3C(=O)c4c(cc([C@H]5C[C@@](C)([C@H](O)[C@H](C)O5)[NH+](C)C)c(O)c4C(=O)c3c2o1)[C@H]1C[C@H]([C@H](O)[C@@H](C)O1)[NH+](C)C |r,@:32,51|"
HEU,352.23,C11 H17 N2 O9 P,3-(2-HYDROXYETHYL)-2'-DEOXYURIDINE-5'-MONOPHOSPHATE,"OCCn1c(=O)ccn([C@H]2C[C@H](O)[C@@H](COP(O)(O)=O)O2)c1=O |r,@@:16|"
HG,200.59,Hg,MERCURY (II) ION,[Hg++]
HIB,338.1,C10 H11 I O5,"4-HYDROXY-5-IODO-2,3-DIMETHOXY-6-METHYLBENZOIC ACID",COc1c(O)c(I)c(C)c(C(O)=O)c1OC
HNB,158.24,C9 H18 O2,"(2S,5R)-5-pentyltetrahydrofuran-2-ol",CCCCC[C@@H]1CC[C@@H](O)O1 |r|
HND,160.25,C9 H20 O2,"(4S)-nonane-1,4-diol",CCCCC[C@H](O)CCCO |r|
HNF,227.21,C13 H9 N O3,7-nitro-9H-fluoren-2-ol,Oc1ccc-2c(Cc3cc(ccc-23)[N+]([O-])=O)c1
HOB,683.85,C36 H62 N O9 P,"(3alpha,8alpha,14beta,17alpha)-cholest-5-en-3-yl {3-[(2-deoxy-5-O-phosphono-beta-D-erythro-pentofuranosyl)oxy]propyl}carbamate","CC(C)CCC[C@@H](C)[C@H]1CC[C@H]2[C@@H]3CC=C4C[C@H](CC[C@]4(C)[C@H]3CC[C@]12C)OC(=O)NCCCO[C@H]1C[C@H](O)[C@@H](COP(O)(O)=O)O1 |r,t:14,@:1,42|"
HOL,683.85,C36 H62 N O9 P,ALPHA-CHOLEST-5-EN-3-YL 3-[(2-DEOXY-5-O-PHOSPHONO-ALPHA-D-GLYCERO-PENTOFURANOSYL)OXY]PROPYLCARBAMATE,"CC(C)CCC[C@@H](C)[C@H]1CC[C@H]2[C@@H]3CC=C4C[C@H](CC[C@]4(C)[C@H]3CC[C@]12C)OC(=O)NCCCO[C@@H]1C[C@H](O)[C@@H](COP(O)(O)=O)O1 |r,t:14,@@:1,42|"
HP6,100.2,C7 H16,HEPTANE,CCCCCCC
HQU,189.17,C10 H7 N O3,3-HYDROXYQUINALDIC ACID,OC(=O)c1nc2ccccc2cc1O
HSE,119.12,C4 H9 N O3,L-HOMOSERINE,N[C@@H](CCO)C(O)=O |r|
HT,424.5,C25 H24 N6 O,"2'-(4-HYDROXYPHENYL)-5-(4-METHYL-1-PIPERAZINYL)-2,5'-BI-BENZIMIDAZOLE","CN1CCN(CC1)c1ccc2nc([nH]c2c1)-c1ccc2nc([nH]c2c1)-c1ccc(O)cc1 |@@:1,4|"
HY2,597.7,C34 H39 N5 O5,"2-{2-[4-(3-{[(11aS)-7-methoxy-5-oxo-2,3,5,10,11,11a-hexahydro-1H-pyrrolo[2,1-c][1,4]benzodiazepin-8-yl]oxy}propyl)piperazin-1-yl]ethyl}-1H-benzo[de]isoquinoline-1,3(2H)-dione","COc1cc2c(NC[C@@H]3CCCN3C2=O)cc1OCCCN1CCN(CCN2C(=O)c3cccc4cccc(C2=O)c34)CC1 |r,@:24,@@:21|"
IC,323.2,C9 H14 N3 O8 P,ISOCYTIDINE-5'-MONOPHOSPHATE,"Nc1nc(=O)ccn1[C@@H]1O[C@H](COP(O)(O)=O)[C@@H](O)[C@H]1O |r,@:13|"
IDG,178.19,C6 H14 N2 O4,"O-2,6-DIAMINO-2,6-DIDEOXY-BETA-L-IDOPYRANOSE",NC[C@@H]1O[C@H](O)[C@H](N)[C@@H](O)[C@@H]1O |r|
IG,363.22,C10 H14 N5 O8 P,ISOGUANOSINE-5'-MONOPHOSPHATE,"Nc1[nH]c(=O)nc2n(cnc12)[C@@H]1O[C@H](COP(O)(O)=O)[C@@H](O)[C@H]1O |r,@:16|"
IGU,347.22,C10 H14 N5 O7 P,2'-DEOXYISOGUANINE-5'-MONOPHOSPHATE,"Nc1[nH]c(=O)nc2n(cnc12)[C@H]1C[C@H](O)[C@@H](COP(O)(O)=O)O1 |r,@@:18|"
IMC,321.22,C10 H16 N3 O7 P,N1-[2-DEOXY-RIBOFURANOSYL]-[2-AMINO-5-METHYL-4-OXO-4H-PYRIMIDINE]-5'-MONOPHOSPHATE,"Cc1cn([C@H]2C[C@H](O)[C@@H](COP(O)(O)=O)O2)c(N)nc1=O |r,@:11|"
IQG,543.43,C21 H22 N9 O7 P,"N-(2-amino-3-methyl-3H-imidazo[4,5-f]quinolin-5-yl)-2'-deoxyguanosine 5'-(dihydrogen phosphate)","Cn1c(N)nc2c1cc(Nc1nc3n(cnc3c(=O)[nH]1)[C@H]1C[C@H](O)[C@@H](COP(O)(O)=O)O1)c1ncccc21 |r,@:27|"
ISH,317.43,C17 H27 N5 O,"(7R)-7-[(dimethylamino)methyl]-1-[3-(dimethylamino)propyl]-7,8-dihydro-1H-furo[3,2-e]benzimidazol-2-amine","CN(C)CCCn1c(N)nc2ccc3O[C@@H](CN(C)C)Cc3c12 |r,@:1,17|"
ISI,317.43,C17 H27 N5 O,"(7S)-7-[(dimethylamino)methyl]-1-[3-(dimethylamino)propyl]-7,8-dihydro-1H-furo[3,2-e]benzimidazol-2-amine","CN(C)CCCn1c(N)nc2ccc3O[C@H](CN(C)C)Cc3c12 |r,@:1,17|"
JDT,336.23,C11 H17 N2 O8 P,2'-deoxy-5-ethyluridine 5'-(dihydrogen phosphate),"CCc1cn([C@H]2C[C@H](O)[C@@H](COP(O)(O)=O)O2)c(=O)[nH]c1=O |r,@@:12|"
K,39.1,K,POTASSIUM ION,[K+]
K12,282.31,C12 H27 O5 P,12-hydroxydodecyl dihydrogen phosphate,OCCCCCCCCCCCCOP(O)(O)=O |@:14|
KAG,417.31,C14 H20 N5 O8 P,2'-DEOXY-N-[(1S)-1-METHYL-3-OXOPROPYL]GUANOSINE 5'-PHOSPHATE,"C[C@@H](CC=O)Nc1nc2n(cnc2c(=O)[nH]1)[C@H]1C[C@H](O)[C@@H](COP(O)(O)=O)O1 |r,@@:23|"
KVY,468.51,C22 H28 N8 O4,4-amino-1-methyl-N-{1-methyl-5-[(1-methyl-5-{[3-(methylamino)-3-oxopropyl]carbamoyl}-1H-pyrrol-3-yl)carbamoyl]-1H-pyrrol-3-yl}-1H-pyrrole-2-carboxamide,CNC(=O)CCNC(=O)c1cc(NC(=O)c2cc(NC(=O)c3cc(N)cn3C)cn2C)cn1C
L2H,686.67,C32 H34 N10 O8,"(12S,27S)-12,27-bis(4-aminobutyl)-4,30-dimethyl-3,7,14,18,22,29-hexaoxa-11,26,31,32,33,34,35,36-octaazaheptacyclo[26.2.1.1~2,5~.1~6,9~.1~13,16~.1~17,20~.1~21,24~]hexatriaconta-1(30),2(36),4,6(35),8,13(34),15,17(33),19,21(32),23,28(31)-dodecaene-10,25-dione",Cc1oc2nc1-c1nc(c(C)o1)-c1nc(co1)C(=O)N[C@@H](CCCCN)c1nc(co1)-c1nc(co1)-c1nc(co1)C(=O)N[C@H]2CCCCN |r|
L8H,173.21,C11 H11 N O,4-methoxynaphthalen-2-amine,COc1cc(N)cc2ccccc12
L8P,279.19,C8 H14 N3 O6 P,({[(2S)-1-(4-amino-2-oxopyrimidin-1(2H)-yl)-3-hydroxypropan-2-yl]oxy}methyl)phosphonic acid,"Nc1ccn(C[C@@H](CO)OCP(O)(O)=O)c(=O)n1 |r,@@:11|"
L94,336.52,C18 H36 N6,"N'-{(Z)-amino[4-(amino{[3-(dimethylammonio)propyl]iminio}methyl)phenyl]methylidene}-N,N-dimethylpropane-1,3-diaminium","C[NH+](C)CCC\[NH+]=C(/N)c1ccc(cc1)C(\N)=[NH+]\CCC[NH+](C)C |@:1,21|"
LCA,359.23,C11 H14 N5 O7 P,"[(1R,3R,4R,7S)-7-HYDROXY-3-(ADENIN-9-YL)-2,5-DIOXABICYCLO[2.2.1]HEPT-1-YL]METHYL DIHYDROGEN PHOSPHATE","Nc1ncnc2n(cnc12)[C@@H]1O[C@@]2(COP(O)(O)=O)CO[C@@H]1[C@@H]2O |r,@:15,THB:23:22:10.11:19.20,6:10:22:19.20|"
LCC,349.23,C11 H16 N3 O8 P,"[(1R,3R,4R,7S)-7-HYDROXY-3-(5-METHYLCYTOSIN-1-YL)-2,5-DIOXABICYCLO[2.2.1]HEPT-1-YL]METHYL DIHYDROGEN PHOSPHATE","Cc1cn([C@@H]2O[C@@]3(COP(O)(O)=O)CO[C@@H]2[C@@H]3O)c(=O)nc1N |r,@:9,THB:17:16:5.4:14.13,3:4:16:14.13|"
LCG,375.23,C11 H14 N5 O8 P,"[(1R,3R,4R,7S)-7-HYDROXY-3-(GUANIN-9-YL)-2,5-DIOXABICYCLO[2.2.1]HEPT-1-YL]METHYL DIHYDROGEN PHOSPHATE","Nc1nc2n(cnc2c(=O)[nH]1)[C@@H]1O[C@@]2(COP(O)(O)=O)CO[C@@H]1[C@@H]2O |r,@:16,THB:4:11:23:20.21,24:23:11.12:20.21|"
LG1,347.38,C22 H17 F2 N2,"3,11-DIFLUORO-6,8,13-TRIMETHYL-8H-QUINO[4,3,2-KL]ACRIDIN-13-IUM",Cc1cc2n(C)c3ccc(F)cc3c3[n+](C)c4ccc(F)cc4c(c1)c23
LGP,335.21,C9 H14 N5 O7 P,N9-1-HYDROXY-PROP-2-OXYMETHYL-GUANINE-3'-MONOPHOSPHATE,"Nc1nc2n(CO[C@@H](CO)COP(O)(O)=O)cnc2c(=O)[nH]1 |r,@:12|"
LHO,371.35,C15 H18 N O6 P S,2-(2-deoxy-5-O-phosphono-beta-D-erythro-pentofuranosyl)-6-methylisoquinoline-1(2H)-thione,"Cc1ccc2c(ccn([C@H]3C[C@H](O)[C@@H](COP(O)(O)=O)O3)c2=S)c1 |r,@:16|"
LKC,269.25,C11 H15 N3 O5,"4-AMINO-1-[(1S,3R,4R,7S)-7-HYDROXY-1-(HYDROXYMETHYL)-2,5-DIOXABICYCLO[2.2.1]HEPT-3-YL]-5-METHYLPYRIMIDIN-2(1H)-ONE","Cc1cn([C@@H]2O[C@@]3(CO)CO[C@@H]2[C@@H]3O)c(=O)nc1N |r,THB:3:4:12:10.9,13:12:4.5:10.9|"
LLJ,516.72,C32 H44 N4 O2,"6,22-dioxa-3,9,19,25-tetraazoniapentacyclo[25.5.3.3~11,17~.0~14,37~.0~30,34~]octatriaconta-1(33),11(38),12,14(37),15,17(36),27,29,31,34-decaene",C1COCC[NH2+]Cc2ccc3ccc(C[NH2+]CCOCC[NH2+]Cc4ccc5ccc(C[NH2+]1)cc5c4)cc3c2
LWM,363.26,C11 H18 N5 O7 P,"[(1R,2S,4R)-4-{[2-amino-5-(formylamino)-6-oxo-1,6-dihydropyrimidin-4-yl]amino}-2-hydroxycyclopentyl]methyl dihydrogen phosphate","Nc1nc(N[C@H]2C[C@H](O)[C@@H](COP(O)(O)=O)C2)c(NC=O)c(=O)[nH]1 |r,@:12|"
M1G,383.25,C13 H14 N5 O7 P,"3-(2-DEOXY-BETA-D-RIBOFURANOSYL)-PYRIDO[5,6-A]-PURINE-10-ONE-5'-MONOPHOSPHATE","O[C@H]1C[C@@H](O[C@@H]1COP(O)(O)=O)n1cnc2c1nc1ncccn1c2=O |r,@:8|"
MA6,375.27,C12 H18 N5 O7 P,6N-DIMETHYLADENOSINE-5'-MONOPHOSHATE,"CN(C)c1ncnc2n(cnc12)[C@@H]1O[C@H](COP(O)(O)=O)[C@@H](O)[C@H]1O |r,@:1,17|"
MA7,346.26,C11 H17 N5 O6 P,1N-METHYLADENOSINE-5'-MONOPHOSPHATE,"C[n+]1cnc2n(cnc2c1N)[C@H]1C[C@H](O)[C@@H](COP(O)(O)=O)O1 |r,@@:18|"
MAT,189.25,C9 H19 N O3,"2,4-DIDEOXY-4-[2-(PROPYL)AMINO]-3-O-METHYL ALPHA-L-THREO-PENTOPYRANOSIDE","CO[C@H]1C[C@H](O)OC[C@@H]1NC(C)C |r,@:10|"
MBZ,328.26,C13 H17 N2 O6 P,1-[2-DEOXYRIBOFURANOSYL]-4-METHYL-BENZOIMIDAZOLE-5'-MONOPHOSPHATE,"Cc1cccc2n(cnc12)[C@H]1C[C@H](O)[C@@H](COP(O)(O)=O)O1 |r,@:17|"
MCY,241.24,C10 H15 N3 O4,5-METHYL-2'-DEOXYCYTIDINE,Cc1cn([C@H]2C[C@H](O)[C@@H](CO)O2)c(=O)nc1N |r|
MDA,162.18,C7 H14 O4,"2,6-DIDEOXY-3 C-METHYL-D-RIBOPYRANOSIDE",C[C@H]1O[C@@H](O)C[C@](C)(O)[C@@H]1O |r|
MG,24.31,Mg,MAGNESIUM ION,[Mg++]
MG1,361.25,C11 H16 N5 O7 P,2'-DEOXY-1-METHYLGUANOSINE 5'-(DIHYDROGEN PHOSPHATE),"Cn1c(N)nc2n(cnc2c1=O)[C@H]1C[C@H](O)[C@@H](COP(O)(O)=O)O1 |r,@@:19|"
MGR,329.46,C23 H25 N2,MALACHITE GREEN,"CN(C)c1ccc(cc1)C(=C1C=CC(C=C1)=[N+](C)C)c1ccccc1 |c:12,15|"
MH6,103.08,C3 H5 N O3,3-hydroxy-2-iminopropanoic acid,OCC(=N)C(O)=O
MIX,444.48,C22 H28 N4 O6,"1,4-DIHYDROXY-5,8-BIS({2-[(2-HYDROXYETHYL)AMINO]ETHYL}AMINO)-9,10-ANTHRACENEDIONE",OCCNCCNc1ccc(NCCNCCO)c2C(=O)c3c(O)ccc(O)c3C(=O)c12
MM0,422.57,C28 H30 N4,"N,N'-(dibenzo[b,j][1,7]phenanthroline-2,10-diyldimethanediyl)dipropan-1-amine",CCCNCc1ccc2nc3c(ccc4nc5ccc(CNCCC)cc5cc34)cc2c1
MM7,318.26,C13 H19 O7 P,"(1R)-1,4-anhydro-2-deoxy-1-(2-methoxy-4-methylphenyl)-5-O-phosphono-D-erythro-pentitol","COc1cc(C)ccc1[C@H]1C[C@H](O)[C@@H](COP(O)(O)=O)O1 |r,@:16|"
MMT,285.3,C12 H19 N3 O5,5'-O-(DIMETHYLAMINO)-THYMIDINE,"CN(C)OC[C@H]1O[C@H](C[C@@H]1O)n1cc(C)c(=O)[nH]c1=O |r,@:1|"
MN,54.94,Mn,MANGANESE (II) ION,[Mn++]
MNG,541.55,C28 H31 N O10,MENOGARIL,"CO[C@@H]1C[C@](C)(O)Cc2cc3C(=O)c4c5O[C@@H]6O[C@@](C)([C@H](O)[C@H]([C@@H]6O)N(C)C)c5cc(O)c4C(=O)c3c(O)c12 |r,@:25,TLB:25:22:14.28.15:17,THB:29:28:23.22.20:17,24:23:14.28.15:17,21:20:14.28.15:17,13:14:23.22.20:17|"
MOC,304.3,C14 H16 N4 O4,"CARBAMIC ACID 2,6-DIAMINO-5-METHYL-4,7-DIOXO-2,3,4,7-TETRAHYDRO-1H-3A-AZA-CYCLOPENTA[A]INDEN-8-YLMETHYL ESTER","CC1=C(N)C(=O)c2c(COC(N)=O)c3C[C@@H](N)Cn3c2C1=O |r,c:1|"
MRP,178.18,C7 H14 O5,3-O-METHYL-ALPHA-L-RHAMNOPYRANOSIDE,CO[C@@H]1[C@@H](O)[C@H](C)O[C@@H](O)[C@@H]1O |r|
MTC,407.53,C18 H17 N O4 S3,"[1,8-DIHYDROXY-11-OXO-13-(2-METHYLTRITHIO-ETHYLIDENE)-BICYCLO[7.3.1]TRIDECA-4,9-DIENE-2,6-DIYN-10-YL]-CARBAMIC ACID METHYL ESTER","COC(=O)NC1=C2CC#C\C=C/C#C[C@](O)(CC1=O)\C2=C\CSSSC |r,c:5,10|"
MVA,131.17,C6 H13 N O2,N-METHYLVALINE,"CN[C@@H](C(C)C)C(O)=O |r,@:3|"
N4S,492.51,C19 H37 N6 O7 P,N-[3-({4-[(3-aminopropyl)amino]butyl}amino)propyl]-2'-deoxycytidine 5'-(dihydrogen phosphate),"NCCCNCCCCNCCCNc1ccn([C@H]2C[C@H](O)[C@@H](COP(O)(O)=O)O2)c(=O)n1 |r,@@:25|"
N68,197.17,C6 H16 N O4 P,6-aminohexyl dihydrogen phosphate,NCCCCCCOP(O)(O)=O |@:8|
NA,22.99,Na,SODIUM ION,[Na+]
NAZ,459.5,C24 H25 N7 O3,"N~3~-{3-[(7-METHYL-1,8-NAPHTHYRIDIN-2-YL)AMINO]-3-OXOPROPYL}-N~1~-[(7-OXO-7,8-DIHYDRO-1,8-NAPHTHYRIDIN-2-YL)METHYL]-BETA-ALANINAMIDE",Cc1ccc2ccc(NC(=O)CCNCCC(=O)NCc3ccc4ccc(=O)[nH]c4n3)nc2n1
NBU,58.12,C4 H10,N-BUTANE,CCCC
NCG,968.97,C45 H52 N4 O18 S,"[(R)-4-((1,3-DIOXOLANE-2-OXY)-4-(S)-YL)-4-HYDROXY]-(R)-10-(2-METHYLAMINO-5-METHYL-2,6-DIDEOXYGALACTOPYRANOSYL-OXY)-(R)-11-(2-HYDROXY-5-METHYL-7-METHOXY-1-NAPHTHOYL-OXY)-(R)-12-S-GLUTATHIONYL-4,10,11,12-TETRAHYDROINDACENE","CN[C@@H]1[C@@H](O)[C@@H](O)[C@@H](C)O[C@@H]1O[C@H]1[C@H](OC(=O)c2c(O)ccc3c(C)cc(OC)cc23)[C@@H](SC[C@H](NC(=O)CC[C@@H](N)C(O)=O)C(=O)NCC(O)=O)c2cc3c(C=C[C@]3(O)[C@H]3COC(=O)O3)cc12 |r,c:59|"
NCO,161.12,Co H18 N6,COBALT HEXAMMINE(III),[H][N]([H])([H])[Co+3]([N]([H])([H])[H])([N]([H])([H])[H])([N]([H])([H])[H])([N]([H])([H])[H])[N]([H])([H])[H]
NCS,662.66,C35 H36 N O12,"SPIRO[[7-METHOXY-5-METHYL-1,2-DIHYDRO-NAPHTHALENE]-3,1'-[5-HYDROXY-9-[2-METHYLAMINO-2,6-DIDEOXYGALACTOPYRANOSYL-OXY]-5-(2-OXO-[1,3]DIOXOLAN-4-YL)-3A,5,9,9A-TETRAHYDRO-3H-1-OXA-CYCLOPENTA[A]-S-INDACEN-2-ONE]]","C[NH2+][C@H]1[C@@H](O[C@H]2[C@@H]3OC(=O)[C@]4([C@@H]3c3cc5c(C=C[C@]5(O)[C@H]5COC(=O)O5)cc23)C(=O)C=Cc2c(C)cc(OC)cc42)O[C@H](C)[C@H](O)[C@@H]1O |r,c:17,35|"
NCX,401.27,C14 H16 N3 O9 P,1-(2-DEOXY-5-O-PHOSPHONO-BETA-D-ERYTHRO-PENTOFURANOSYL)-5-NITRO-1H-INDOLE-3-CARBOXAMIDE,"NC(=O)c1cn([C@H]2C[C@H](O)[C@@H](COP(O)(O)=O)O2)c2ccc(cc12)[N+]([O-])=O |r,@:13|"
NCY,135.18,C4 H9 N O2 S,N-METHYLCYSTEINE,CN[C@@H](CS)C(O)=O |r|
NEB,163.2,C6 H15 N2 O3,2-DEOXY-D-STREPTAMINE,N[C@H]1C[C@@H]([NH3+])[C@H](O)[C@@H](O)[C@@H]1O |r|
NF,522.59,C31 H30 N4 O4,"N,N'-(3,7-DIAZANONYLENE)-BIS-NAPHTHALIMIDE",O=C1N(CC[NH2+]CCC[NH2+]CCN2C(=O)c3cccc4cccc(C2=O)c34)C(=O)c2cccc3cccc1c23
NGM,787.8,C39 H49 N O16,NOGALAMYCIN,"CO[C@H]1[C@H](C)O[C@@H](O[C@H]2C[C@](C)(O)[C@H](C(=O)OC)c3cc4C(=O)c5c6O[C@@H]7O[C@@](C)([C@H](O)[C@H]([C@@H]7O)N(C)C)c6cc(O)c5C(=O)c4c(O)c23)[C@H](OC)[C@]1(C)OC |r,@:35,TLB:35:32:24.38.25:27,THB:39:38:33.32.30:27,34:33:24.38.25:27,31:30:24.38.25:27,23:24:33.32.30:27|"
NGP,790.83,C39 H52 N O16,NOGALAMYCIN (PROTONATED FORM),"CO[C@H]1[C@H](C)O[C@@H](O[C@H]2C[C@](C)(O)[C@H](C(=O)OC)C3=C[C@@H]4C(=O)c5c6O[C@@H]7O[C@@](C)([C@H](O)[C@H]([C@@H]7O)[NH+](C)C)c6cc(O)c5C(=O)C4=C(O)[C@H]23)[C@H](OC)[C@]1(C)OC |r,t:18,49,@:35,TLB:35:32:24.38.25:27,THB:39:38:33.32.30:27,34:33:24.38.25:27,31:30:24.38.25:27,23:24:33.32.30:27|"
NH2,16.02,H2 N,AMINO GROUP,N
NIX,232.24,C12 H12 N2 O3,NALIDIXIC ACID,CCn1cc(C(O)=O)c(=O)c2ccc(C)nc12
NME,31.06,C H5 N,METHYLAMINE,CN
NMY,614.64,C23 H46 N6 O13,NEOMYCIN,NC[C@@H]1O[C@H](O[C@@H]2[C@@H](CO)O[C@@H](O[C@@H]3[C@@H](O)[C@H](N)C[C@H](N)[C@H]3O[C@H]3O[C@H](CN)[C@@H](O)[C@H](O)[C@H]3N)[C@@H]2O)[C@H](N)[C@@H](O)[C@@H]1O |r|
NP3,308.18,C9 H13 N2 O8 P,1-[2-DEOXY-RIBOFURANOSYL]-1H-[3-NITRO-PYRROL]-5'-PHOSPHATE,"O[C@H]1C[C@@H](O[C@@H]1COP(O)(O)=O)n1ccc(c1)[N+]([O-])=O |r,@@:8|"
NT,430.46,C18 H26 N10 O3,NETROPSIN,Cn1cc(NC(=O)c2cc(NC(=O)CNC(N)=N)cn2C)cc1C(=O)NCCC(N)=N
NYB,191.29,C8 H17 N O2 S,N-METHYL-S-[(1R)-1-METHYLPROPYL]-L-CYSTEINE,CC[C@@H](C)SC[C@H](NC)C(O)=O |r|
O,16.0,O,OXYGEN ATOM,O
OCT,114.23,C8 H18,N-OCTANE,CCCCCCCC
OMC,337.22,C10 H16 N3 O8 P,O2'-METHYLYCYTIDINE-5'-MONOPHOSPHATE,"CO[C@@H]1[C@H](O)[C@@H](COP(O)(O)=O)O[C@H]1n1ccc(N)nc1=O |r,@:8|"
OMG,377.25,C11 H16 N5 O8 P,O2'-METHYLGUANOSINE-5'-MONOPHOSPHATE,"CO[C@@H]1[C@H](O)[C@@H](COP(O)(O)=O)O[C@H]1n1cnc2c1nc(N)[nH]c2=O |r,@:8|"
OMU,338.21,C10 H15 N2 O9 P,O2'-METHYLURIDINE 5'-MONOPHOSPHATE,"CO[C@@H]1[C@H](O)[C@@H](COP(O)(O)=O)O[C@H]1n1ccc(=O)[nH]c1=O |r,@:8|"
ORP,214.11,C5 H11 O7 P,2-DEOXY-5-PHOSPHONO-RIBOSE,"O[C@@H]1C[C@H](O)[C@@H](COP(O)(O)=O)O1 |r,@:8|"
OXI,261.23,C13 H11 N O5,OXOLINIC ACID,CCn1cc(C(O)=O)c(=O)c2cc3OCOc3cc12
P,387.29,C13 H18 N5 O7 P,"2'-DEOXY-N1,N2-PROPANO GUANOSINE MONOPHOSPHATE","O[C@H]1C[C@@H](O[C@@H]1COP(O)(O)=O)n1cnc2c1nc1NCCCn1c2=O |r,@@:8|"
P11,914.99,C41 H56 N17 O8,IMIDAZOLE-PYRROLE-BETA ALANINE-IMIDAZOLE-BETA ALANINE-IMIDAZOLE-PYRROLE-BETA ALANINE-DIMETHYLAMINO PROPYLAMIDE,C[NH+](C)CCCNC(=O)CCNC(=O)c1cc(NC(=O)c2nc(NC(=O)CCNC(=O)c3nc(NC(=O)CCNC(=O)c4cc(NC(=O)c5nccn5C)cn4C)cn3C)cn2C)cn1C |@:1|
P12,323.43,C16 H29 N5 O2,4-[AMINO(IMINO)METHYL]-1-[2-(3-AMMONIOPROPOXY)-5-METHOXYBENZYL]PIPERAZIN-1-IUM,COc1ccc(OCCC[NH3+])c(C[NH+]2CCN(CC2)C(N)=N)c1 |@:13|
P13,407.55,C24 H33 N5 O,N-[2-(3-AMINOPROPOXY)-5-(1H-INDOL-5-YL)BENZYL]-N-(2-PIPERAZIN-1-YLETHYL)AMINE,NCCCOc1ccc(cc1CNCCN1CCNCC1)-c1ccc2[nH]ccc2c1 |@@:15|
P14,353.46,C16 H31 N7 O2,N-[2-(2-{[(4-{[AMINO(IMINO)METHYL]AMINO}BUTYL)AMINO]METHYL}-4-METHOXYPHENOXY)ETHYL]GUANIDINE,COc1ccc(OCCNC(N)=[NH2+])c(CNCCCCNC(N)=[NH2+])c1
P5P,332.21,C10 H13 N4 O7 P,PURINE RIBOSIDE-5'-MONOPHOSPHATE,"O[C@@H]1[C@@H](COP(O)(O)=O)O[C@H]([C@@H]1O)n1cnc2cncnc12 |r,@:5|"
PA1,179.17,C6 H13 N O5,2-amino-2-deoxy-alpha-D-glucopyranose,N[C@H]1[C@@H](O)O[C@H](CO)[C@@H](O)[C@@H]1O |r|
PAR,615.63,C23 H45 N5 O14,PAROMOMYCIN,NC[C@@H]1O[C@H](O[C@@H]2[C@@H](CO)O[C@@H](O[C@@H]3[C@@H](O)[C@H](N)C[C@H](N)[C@H]3O[C@H]3O[C@H](CO)[C@@H](O)[C@H](O)[C@H]3N)[C@@H]2O)[C@H](N)[C@@H](O)[C@@H]1O |r|
PBH,596.72,C34 H40 N6 O4,"(11aS)-7-methoxy-8-(3-{4-[6-(4-methylpiperazin-1-yl)-1H-benzimidazol-2-yl]phenoxy}propoxy)-1,2,3,10,11,11a-hexahydro-5H-pyrrolo[2,1-c][1,4]benzodiazepin-5-one","COc1cc2c(NC[C@@H]3CCCN3C2=O)cc1OCCCOc1ccc(cc1)-c1nc2ccc(cc2[nH]1)N1CCN(C)CC1 |r,@:37,@@:40|"
PBT,324.22,C10 H17 N2 O8 P,"[3-HYDROXY-5-(5-METHYL-2,4-DIOXOTETRAHYDRO-1(2H)-PYRIMIDINYL)TETRAHYDRO-2-FURANYL]METHYL DIHYDROGEN PHOSPHATE","C[C@@H]1CN([C@H]2C[C@H](O)[C@@H](COP(O)(O)=O)O2)C(=O)NC1=O |r,@@:11|"
PDI,156.07,C3 H9 O5 P,PHOSPHORIC ACID MONO-(3-HYDROXY-PROPYL) ESTER,OCCCOP(O)(O)=O |@:5|
PDU,350.26,C12 H19 N2 O8 P,5(1-PROPYNYL)-2'-DEOXYURIDINE-5-MONOPHOSPHATE,"CCCc1cn([C@H]2C[C@H](O)[C@@H](COP(O)(O)=O)O2)c(=O)[nH]c1=O |r,@:13|"
PE6,362.31,C12 H27 O10 P,PHOSPHORYL-HEXAETHYLENE GLYCOL,OCCOCCOCCOCCOCCOCCOP(O)(O)=O |@:19|
PEO,34.01,H2 O2,HYDROGEN PEROXIDE,OO
PGA,156.03,C2 H5 O6 P,2-PHOSPHOGLYCOLIC ACID,OC(=O)COP(O)(O)=O |@:5|
PGE,150.17,C6 H14 O4,TRIETHYLENE GLYCOL,OCCOCCOCCO
PGN,427.2,C10 H15 N5 O10 P2,"2'-DEOXYGUANOSINE-3',5'-DIPHOSPHATE","Nc1nc2n(cnc2c(=O)[nH]1)[C@H]1C[C@H](OP(O)(O)=O)[C@@H](COP(O)(O)=O)O1 |r,@@:15,22|"
PIQ,224.26,C13 H12 N4,"2-AMINO-1-METHYL-6-PHENYLIMIDAZO[4,5-B]PYRIDINE",Cn1c(N)nc2ncc(cc12)-c1ccccc1
PL1,1198.22,C48 H68 Co N17 O12 S2,COBALT (III)-DEGLYCOPEPLEOMYCIN,C[C@@H](O)[C@H](NC(=O)[C@@H](C)[C@H](O)[C@@H](C)NC(=O)[C@@H](NC(=O)c1c(C)c(N)nc([C@H](CC(N)=O)NC[C@H](N)C(N)=O)[n+]1[Co]OO)[C@@H](O)c1c[nH]cn1)C(=O)NCCc1nc(cs1)-c1nc(cs1)C(=O)NCCCN[C@@H](C)c1ccccc1 |r|
PMZ,326.46,C19 H22 N2 O S,1-[10-(3-DIMETHYLAMINO-PROPYL)-10H-PHENOTHIAZIN-2-YL]-ETHANONE,CN(C)CCCN1c2ccccc2Sc2ccc(cc12)C(C)=O |@:1|
POH,678.83,C44 H38 N8,"(1Z,4Z,9Z,15Z)-5,10,15,20-tetrakis(1-methylpyridin-1-ium-4-yl)-21,23-dihydroporphyrin",C[n+]1ccc(cc1)-c1c2ccc(n2)c(-c2cc[n+](C)cc2)c2ccc([nH]2)c(-c2cc[n+](C)cc2)c2ccc(n2)c(-c2cc[n+](C)cc2)c2ccc1[nH]2
PPZ,229.24,C11 H11 N5 O,"2-(PYRIDO[1,2-E]PURIN-4-YL)AMINO-ETHANOL",OCCNc1ncnc2c1nc1ccccn21
PQ3,550.61,C34 H26 N6 O2,"N2,N9-bis(1-methylquinolin-3-yl)-1,10-phenanthroline-2,9-dicarboxamide","C[N]1=CC(NC(=O)c2ccc3ccc4ccc(nc4c3n2)C(=O)NC2=Cc3ccccc3[N](C)=C2)=Cc2ccccc12 |c:37,39,t:1,27|"
PRF,179.18,C7 H9 N5 O,7-DEAZA-7-AMINOMETHYL-GUANINE,NCc1c[nH]c2nc(N)[nH]c(=O)c12
PRL,209.25,C13 H11 N3,PROFLAVIN,Nc1ccc2cc3ccc(N)cc3nc2c1
PSO,258.27,C15 H14 O4,"4'-HYDROXYMETHYL-4,5',8-TRIMETHYLPSORALEN",Cc1oc2c(C)c3oc(=O)cc(C)c3cc2c1CO
PST,338.27,C10 H15 N2 O7 P S,THYMIDINE-5'-THIOPHOSPHATE,"Cc1cn([C@H]2C[C@H](O)[C@@H](COP(O)(O)=S)O2)c(=O)[nH]c1=O |r,@:11|"
PSU,324.18,C9 H13 N2 O9 P,PSEUDOURIDINE-5'-MONOPHOSPHATE,"O[C@@H]1[C@@H](COP(O)(O)=O)O[C@H]([C@@H]1O)c1c[nH]c(=O)[nH]c1=O |r,@:5|"
PXZ,296.28,C16 H12 N2 O4,"2-AMINO-1,9-DICARBONYL-4,6-DIMETHYL-10-DEHYDRO-PHENOXAZIN-3-ONE",Cc1ccc(C=O)c2nc3c(C=O)c(N)c(=O)c(C)c3oc12
PYP,398.35,C21 H19 O6 P,2'-DEOXYRIBOFURANOSYLPYRENE-5'-MONOPHOSPHATE,"O[C@H]1C[C@@H](O[C@@H]1COP(O)(O)=O)c1ccc2ccc3cccc4ccc1c2c34 |r,@:8|"
PZD,386.44,C24 H22 N2 O3,"(11aS)-7,8-dimethoxy-2-naphthalen-2-yl-1,10,11,11a-tetrahydro-5H-pyrrolo[2,1-c][1,4]benzodiazepin-5-one","COc1cc2NC[C@@H]3CC(=CN3C(=O)c2cc1OC)c1ccc2ccccc2c1 |r,c:9|"
QUA,235.24,C12 H13 N O4,8-HYDROXY-4-(1-HYDROXYETHYL)QUINOLINE-2-CARBOXYLIC ACID,"C[C@H](O)c1cc(nc2[C@@H](O)CC=Cc12)C(O)=O |r,c:11|"
QUE,302.24,C15 H10 O7,"3,5,7,3',4'-PENTAHYDROXYFLAVONE",Oc1cc(O)c2c(c1)oc(-c1ccc(O)c(O)c1)c(O)c2=O
QUI,174.16,C9 H6 N2 O2,2-CARBOXYQUINOXALINE,OC(=O)c1cnc2ccccc2n1
QUL,332.44,C21 H24 N4,"N,N-diethyl-N'-(10H-indolo[3,2-b]quinolin-11-yl)ethane-1,2-diamine",CCN(CC)CCNc1c2[nH]c3ccccc3c2nc2ccccc12 |@:2|
R,451.37,C18 H22 N5 O7 P,2'-DEOXY-N6-(R)STYRENE OXIDE ADENOSINE MONOPHOSPHATE,"OC[C@H](Nc1ncnc2n(cnc12)[C@H]1C[C@H](O)[C@@H](COP(O)(O)=O)O1)c1ccccc1 |r,@:20|"
R6G,559.7,C33 H41 N3 O5,RHODAMINE 6G,"CCN[C@H]1C=C2Oc3cc(NCC)c(C)cc3C(=C2C=C1C)c1ccc(cc1C(O)=O)C(=O)NCCCCCCO |r,c:18,21,t:4|"
RBD,419.33,C14 H22 N5 O8 P,"(R,R)-N6,N6-(2,3-dihydroxy-1,4-butadiyl)-2'-deoxyadenosine-5'-monophosphate","O[C@H]1C[C@@H](O[C@@H]1COP(O)(O)O)n1cnc2c(ncnc12)N1C[C@@H](O)[C@H](O)C1 |r,@:21,@@:8|"
RIB,150.13,C5 H10 O5,RIBOSE,OC[C@H]1O[C@H](O)[C@H](O)[C@@H]1O |r|
RIO,454.47,C17 H34 N4 O10,RIBOSTAMYCIN,NC[C@H]1O[C@H](O[C@@H]2[C@@H](N)C[C@@H](N)[C@H](O)[C@H]2O[C@@H]2O[C@H](CO)[C@@H](O)[C@H]2O)[C@H](N)[C@@H](O)[C@@H]1O |r|
RMP,329.25,C11 H16 N5 O5 P,2'-DEOXY-ADENOSINE-5'-RP-MONOMETHYLPHOSPHONATE,C[P@@](O)(=O)OC[C@H]1O[C@H](C[C@@H]1O)n1cnc2c(N)ncnc12 |r|
RSD,1068.14,C51 H75 N2 O22,RESPINOMYCIN D,"CO[C@H]1[C@H](O[C@H]2[C@H](OC)[C@@](C)(O)CC3=C2[C@@H](O)C2=C(C3)C(=O)[C@@H]3C=C[C@H]4C(O[C@@H]5O[C@@]4(C)[C@@H](O[C@H]4C[C@@](C)([C@H](O[C@@H]6O[C@@H](C)[C@H](O)[C@@](C)(O)[C@H]6OC)[C@@H](C)O4)[N+]([O-])=O)[C@H]([C@@H]5O)[NH+](C)C)=C3C2=O)O[C@@H](C)[C@H](O)[C@@]1(C)O |r,c:13,18,25,69,@:61,TLB:60:59:29:27.26.25,THB:33:32:29:27.26.25,61:58:29:27.26.25,64:26:29:59.58.32,24:25:29:59.58.32|"
RSP,339.26,C9 H14 N3 O7 P S,4-amino-1-(5-O-phosphono-beta-D-ribofuranosyl)pyrimidine-2(1H)-thione,"Nc1ccn([C@@H]2O[C@H](COP(O)(O)=O)[C@@H](O)[C@H]2O)c(=S)n1 |r,@:10|"
RSQ,351.21,C10 H14 N3 O9 P,5-formylcytidine 5'-(dihydrogen phosphate),"Nc1nc(=O)n(cc1C=O)[C@@H]1O[C@H](COP(O)(O)=O)[C@@H](O)[C@H]1O |r,@:15|"
RUL,1211.27,C64 H44 N14 Ru2,"tetrakis(2,2'-bipyridine-kappa~2~N~1~,N~1'~)(mu-tetrapyrido[3,2-a:2',3'-c:3'',2''-h:2''',3'''-j]phenazine-1kappa~2~N~4~,N~5~:2kappa~2~N~13~,N~14~)diruthenium(4+)","C1=CC2=[N](C=C1)[Ru++]13([N]4=CC=Cc5c4c4c(C=CC=[N]14)c1nc4c(nc51)c1=CC=C[N]5=c1c1=[N](C=CC=c41)[Ru++]5145[N]6=CC=CC=C6C6=CC=CC=[N]16)([N]1=C2C=CC=C1)[N]1=C(C=CC=C1)C1=[N]3C=CC=C1.C1=CC=[N]4C(=C1)C1=CC=CC=[N]51 |c:0,2,4,10,17,33,35,40,50,52,57,63,66,68,73,75,78,81,83,85,90,95,t:8,19,31,38,42,48,55,59,71,87,93,97|"
S2A,539.62,C33 H33 N O6,"(1R,3A'S,10'S,10A'R)-7-METHOXY-2-OXO-10',10A'-DIHYDRO-2H,3A'H-SPIRO[NAPHTHALENE-1,3'-PENTALENO[1,2-B]NAPHTHALEN]-10'-YL 2,6-DIDEOXY-2-(METHYLAMINO)-ALPHA-D-GALACTOPYRANOSIDE","CN[C@H]1[C@@H](O[C@H]2[C@@H]3C=C[C@]4([C@@H]3c3cc5ccccc5cc23)C(=O)C=Cc2ccc(OC)cc42)O[C@H](C)[C@H](O)[C@@H]1O |r,c:7,27|"
S4A,347.29,C10 H14 N5 O5 P S,2'-deoxy-4'-thioadenosine 5'-(dihydrogen phosphate),"Nc1ncnc2n(cnc12)[C@H]1C[C@H](O)[C@@H](COP(O)(O)=O)S1 |r,@@:17|"
S4G,363.29,C10 H14 N5 O6 P S,2'-deoxy-4'-thioguanosine 5'-(dihydrogen phosphate),"Nc1nc2n(cnc2c(=O)[nH]1)[C@H]1C[C@H](O)[C@@H](COP(O)(O)=O)S1 |r,@:18|"
S6G,363.29,C10 H14 N5 O6 P S,6-THIO-2'-DEOXYGUANOSINE-5'-MONOPHOSPHATE,"Nc1nc2n(cnc2c(=S)[nH]1)[C@H]1C[C@H](O)[C@@H](COP(O)(O)=O)O1 |r,@@:18|"
SAR,89.09,C3 H7 N O2,SARCOSINE,CNCC(O)=O
SC,323.26,C9 H14 N3 O6 P S,2-DEOXY-CYTIDINE-5'-THIOPHOSPHORATE,"Nc1ccn([C@H]2C[C@H](O)[C@@H](COP(O)(O)=S)O2)c(=O)n1 |r,@:12|"
SDE,419.33,C14 H22 N5 O8 P,"(S,S)-N6,N6-(2,3-dihydroxy-1,4-butadiyl)-2'-deoxyadenosine-5'-monophosphate","O[C@H]1C[C@@H](O[C@@H]1COP(O)(O)O)n1cnc2c(ncnc12)N1C[C@H](O)[C@@H](O)C1 |r,@:8,21|"
SMC,135.18,C4 H9 N O2 S,S-METHYLCYSTEINE,CSC[C@H](N)C(O)=O |r|
SMP,329.25,C11 H16 N5 O5 P,2'-DEOXY-ADENOSINE-5'-SP-MONOMETHYLPHOSPHONATE,C[P@](O)(=O)OC[C@H]1O[C@H](C[C@@H]1O)n1cnc2c(N)ncnc12 |r|
SRA,363.29,C10 H14 N5 O6 P S,ADENOSINE -5'-THIO-MONOPHOSPHATE,"Nc1ncnc2n(cnc12)[C@@H]1O[C@H](COP(O)(O)=S)[C@@H](O)[C@H]1O |r,@:15|"
SSU,340.25,C9 H13 N2 O8 P S,URIDINE-5'-PHOSPHOROTHIOATE,"O[C@H]1[C@@H](O)[C@@H](O[C@@H]1COP(O)(O)=S)n1ccc(=O)[nH]c1=O |r,@@:9|"
SUR,340.25,C9 H13 N2 O8 P S,1-(BETA-D-RIBOFURANOSYL)-2-THIO-URACIL-5'-PHOSPHATE,"O[C@H]1[C@@H](O)[C@@H](O[C@@H]1COP(O)(O)=O)n1ccc(=O)[nH]c1=S |r,@@:9|"
T2S,354.34,C10 H15 N2 O6 P S2,THYMIDINE-5'-DITHIOPHOSPHORATE,Cc1cn([C@H]2C[C@H](O)[C@@H](CO[P@](O)(S)=S)O2)c(=O)[nH]c1=O |r|
T32,334.26,C12 H19 N2 O7 P,6'-ALPHA-METHYL CARBOCYCLIC THYMIDINE 5'-MONOPHOSPHATE,"C[C@H]1[C@H](COP(O)(O)=O)[C@@H](O)C[C@@H]1n1cc(C)c(=O)[nH]c1=O |r,@:5|"
T39,396.29,C13 H21 N2 O10 P,2'-O-METHOXYETHYLENE THYMIDINE 5'-MONOPHOSPHATE,"COCCO[C@@H]1[C@H](O)[C@@H](COP(O)(O)=O)O[C@H]1n1cc(C)c(=O)[nH]c1=O |r,@:11|"
T3P,322.21,C10 H15 N2 O8 P,THYMIDINE-3'-PHOSPHATE,"Cc1cn([C@H]2C[C@H](OP(O)(O)=O)[C@@H](CO)O2)c(=O)[nH]c1=O |r,@:8|"
T41,352.23,C11 H17 N2 O9 P,1-(2-O-METHYL-BETA-D-ARABINOFURANOSYL)THYMIDINE 5'-MONOPHOSPHATE,"CO[C@H]1[C@H](O)[C@@H](COP(O)(O)=O)O[C@H]1n1cc(C)c(=O)[nH]c1=O |r,@:8|"
T49,338.27,C10 H15 N2 O7 P S,S4'-2'DEOXYTHYMIDINE 5'-MONOPHOSPHATE,"Cc1cn([C@H]2C[C@H](O)[C@@H](COP(O)(O)=O)S2)c(=O)[nH]c1=O |r,@:11|"
T6A,492.33,C15 H21 N6 O11 P,N-[N-(9-B-D-RIBOFURANOSYLPURIN-6-YL)CARBAMOYL]THREONINE-5'-MONOPHOSPHATE,"C[C@@H](O)[C@H](NC(=O)Nc1ncnc2n(cnc12)[C@@H]1O[C@H](COP(O)(O)=O)[C@@H](O)[C@H]1O)C(O)=O |r,@:22|"
TA3,308.23,C10 H17 N2 O7 P,"(4S,5R)-3-(2-DEOXY-5-O-PHOSPHONO-BETA-D-ERYTHRO-PENTOFURANOSYL)-5-METHYL-1,3-DIAZABICYCLO[2.2.0]HEXAN-2-ONE","CC1CN2[C@H]1N([C@H]1C[C@H](O)[C@@H](COP(O)(O)=O)O1)C2=O |r,@:5,13,@@:3|"
TAF,340.2,C10 H14 F N2 O8 P,2'-DEOXY-2'-FLUORO-ARABINO-FURANOSYL THYMINE-5'-PHOSPHATE,"Cc1cn([C@@H]2O[C@H](COP(O)(O)=O)[C@@H](O)[C@@H]2F)c(=O)[nH]c1=O |r,@:9|"
TAX,372.52,C26 H30 N O,"(Z)-2-[4-(1,2)-DIPHENYL-1-BUTENYL)-PHENOXY]-N,N-DIMETHYLETHANAMINIUM",CC\C(=C(\c1ccccc1)c1ccc(OCC[NH+](C)C)cc1)c1ccccc1 |@:17|
TBC,272.34,C20 H16 O,"(9S,10R)-9-HYDROXY-7,8,9,10-TETRAHYDROBENZO[A]PYRENE",O[C@H]1CCc2cc3ccc4cccc5ccc(c2C1)c3c45 |r|
TBT,280.32,C18 H16 O3,"8,9,10,11-TETRAHYDRO-BENZO[A]ANTHRACENE-8,9,10-TRIOL",O[C@H]1Cc2cc3c(ccc4ccccc34)cc2[C@H](O)[C@H]1O |r|
TC1,413.34,C15 H16 N3 O7 P S,"3-(5-PHOSPHO-2-DEOXY-BETA-D-RIBOFURANOSYL)-2-OXO-1,3-DIAZA-PHENOTHIAZINE","O[C@H]1C[C@@H](O[C@@H]1COP(O)(O)=O)n1cc2Sc3ccccc3Nc2nc1=O |r,@@:8|"
TCP,256.26,C11 H16 N2 O5,5'-METHYLTHYMIDINE,COC[C@H]1O[C@H](C[C@@H]1O)n1cc(C)c(=O)[nH]c1=O |r|
TED,694.54,C24 H35 N6 O16 P,"5-[(1E)-14-carboxy-10,13-bis(carboxymethyl)-3,8-dioxo-4,7,10,13-tetraazatetradec-1-en-1-yl]-2'-deoxyuridine 5'-(dihydrogen phosphate)","O[C@H]1C[C@@H](O[C@@H]1COP(O)(O)=O)n1cc(\C=C\C(=O)NCCNC(=O)CN(CCN(CC(O)=O)CC(O)=O)CC(O)=O)c(=O)[nH]c1=O |r,@:29,@@:8,26|"
TEP,180.16,C7 H8 N4 O2,THEOPHYLLINE,Cn1c2nc[nH]c2c(=O)n(C)c1=O
THX,1016.99,C50 H53 N10 O12 P,"PHOSPHONIC ACID 6-({6-[6-(6-CARBAMOYL-3,6,7,8-TETRAHYDRO-3,6-DIAZA-AS-INDACENE-2-CARBONYL)-3,6,7,8-TETRAHYDRO-3,6-DIAZA-AS-INDOCENE-2-CARBONYL]-3,6,7,8-TETRAHYDRO-3,6-DIAZA-AS-INDACENE-2-CARBONL}-AMINO)-HEXYL ESTER 5-(5-METHYL-2,4-DIOXO-3,4-DIHYDRO-2H-PYRIMIDIN-1-YL)-TETRAHYDRO-FURAN-2-YLMETHYL ESTER",Cc1cn([C@H]2C[C@H](O)[C@@H](CO[P@](O)(=O)OCCCCCCNC(=O)c3cc4c5CCN(C(=O)c6cc7c8CCN(C(=O)c9cc%10c%11CCN(C(N)=O)c%11ccc%10[nH]9)c8ccc7[nH]6)c5ccc4[nH]3)O2)c(=O)[nH]c1=O |r|
TLB,350.22,C11 H15 N2 O9 P,"2'-O,3'-C-METHYLENE-ARABINOFURANOSYL-THYMINE-5'-MONOPHOSPHATE","Cc1cn([C@@H]2O[C@H](COP(O)(O)=O)[C@]3(O)CO[C@H]23)c(=O)[nH]c1=O |r,@@:9|"
TLN,350.22,C11 H15 N2 O9 P,"[(1R,3R,4R,7S)-7-HYDROXY-3-(THYMIN-1-YL)-2,5-DIOXABICYCLO[2.2.1]HEPT-1-YL]METHYL DIHYDROGEN PHOSPHATE","Cc1cn([C@@H]2O[C@@]3(COP(O)(O)=O)CO[C@@H]2[C@@H]3O)c(=O)[nH]c1=O |r,@@:9,THB:17:16:5.4:14.13,3:4:16:14.13|"
TME,44.1,C3 H8,PROPANE,CCC
TMR,178.25,C7 H14 O3 S,"2,6-DIDEOXY-4-THIOMETHYL-BETA-D-RIBOHEXOPYRANOSIDE",CS[C@@H]1[C@@H](C)O[C@@H](O)C[C@@H]1O |r|
TMS,371.43,C21 H25 N O5,"N-PROPYL-4-[(E)-2-(3,4,5-TRIMETHOXY-PHENYL)-VINYL]-BENZAMIDE",COc1cc(\C=C\c2ccc(cc2)C(=O)NCCCO)cc(OC)c1OC
TOA,180.18,C6 H14 N O5,3-DEOXY-3-AMINO GLUCOSE,[NH3+][C@@H]1[C@@H](O)[C@@H](O)O[C@H](CO)[C@H]1O |r|
TOB,148.2,C6 H16 N2 O2,"1,3-DIAMINO-5,6-DIHYDROXYCYCLOHEXANE",[NH3+][C@H]1C[C@@H]([NH3+])[C@H](O)[C@@H](O)C1 |r|
TOC,164.2,C6 H16 N2 O3,"2,3,6-TRIDEOXY-2,6-DIAMINO GLUCOSE",[NH3+]C[C@H]1O[C@H](O)[C@H]([NH3+])C[C@@H]1O |r|
TOT,795.16,C49 H58 N6 S2,"1,1-(4,4,8,8-TETRAMETHYL-4,8-DIAZAUNDECAMETHYLENE)-BIS-4-3-METHYL-2,3-DIHYDRO-(BENZO-1,3-THIAZOLE)-2-METHYLIDENE)-QUINOLINIUM","CN1\C(Sc2ccccc12)=C\c1cc[n+](CCC[N+](C)(C)CCC[N+](C)(C)CCC[n+]2ccc(\C=C3/Sc4ccccc4N3C)c3ccccc23)c2ccccc12 |@:18,24|"
TPN,285.28,C11 H17 N4 O5,2-AMINOETHYLGLYCINE-CARBONYLMETHYLENE-THYMINE,Cc1cn(CC(=O)N(CC[NH3+])CC(O)=O)c(=O)[nH]c1=O
TRP,204.23,C11 H12 N2 O2,TRYPTOPHAN,N[C@@H](Cc1c[nH]c2ccccc12)C(O)=O
TS9,163.17,C6 H13 N O4,"(2S,3S,4R)-2-amino-3,4-dihydroxy-3-methylpentanoic acid",C[C@@H](O)[C@@](C)(O)[C@H](N)C(O)=O |r|
TSP,338.27,C10 H15 N2 O7 P S,3'-THIO-THYMIDINE-5'-PHOSPHATE,"Cc1cn([C@H]2C[C@H](S)[C@@H](COP(O)(O)=O)O2)c(=O)[nH]c1=O |r,@:11|"
TTD,626.4,C20 H28 N4 O15 P2,CIS-SYN CYCLOBUTANE THYMINE DIMER,"C[C@@]12[C@@H]3[C@H]4N([C@H]5C[C@H](O)[C@@H](CO[P@](O)(=O)O[C@H]6C[C@@H](O[C@@H]6COP(O)(O)=O)N3C(=O)NC1=O)O5)C(=O)NC(=O)[C@@]24C |r,@@:23|"
TTM,350.26,C12 H19 N2 O8 P,N3-ETHYL-THYMIDINE-5'-MONOPHOSPHATE,"CCn1c(=O)c(C)cn([C@H]2C[C@H](O)[C@@H](COP(O)(O)=O)O2)c1=O |r,@@:16|"
U2L,396.29,C13 H21 N2 O10 P,5-METHYL-3'-O-METHOXYETHYL URIDINE-5'-MONOPHOSPHATE,"COCCO[C@@H]1[C@@H](COP(O)(O)=O)O[C@H]([C@@H]1O)n1cc(C)c(=O)[nH]c1=O |r,@@:9|"
U5P,324.18,C9 H13 N2 O9 P,URIDINE-5'-MONOPHOSPHATE,"O[C@@H]1[C@@H](COP(O)(O)=O)O[C@H]([C@@H]1O)n1ccc(=O)[nH]c1=O |r,@:5|"
U8U,383.32,C11 H18 N3 O8 P S,5-METHYLAMINOMETHYL-2-THIOURIDINE-5'-MONOPHOSPHATE,"CNCc1cn([C@@H]2O[C@H](COP(O)(O)=O)[C@@H](O)[C@H]2O)c(=S)[nH]c1=O |r,@@:11|"
UAR,324.18,C9 H13 N2 O9 P,URACIL ARABINOSE-5'-PHOSPHATE,"O[C@@H]1[C@@H](COP(O)(O)=O)O[C@H]([C@H]1O)n1ccc(=O)[nH]c1=O |r,@:5|"
UFT,326.17,C9 H12 F N2 O8 P,2'-deoxy-2'-fluorouridine 5'-(dihydrogen phosphate),"O[C@@H]1[C@@H](COP(O)(O)=O)O[C@H]([C@@H]1F)n1ccc(=O)[nH]c1=O |r,@:5|"
UMP,308.18,C9 H13 N2 O8 P,2'-DEOXYURIDINE 5'-MONOPHOSPHATE,"O[C@H]1C[C@@H](O[C@@H]1COP(O)(O)=O)n1ccc(=O)[nH]c1=O |r,@:8|"
UPV,438.32,C15 H23 N2 O11 P,"2'-O-{[(2,2-dimethylpropanoyl)oxy]methyl}uridine 5'-(dihydrogen phosphate)","CC(C)(C)C(=O)OCO[C@@H]1[C@H](O)[C@@H](COP(O)(O)=O)O[C@H]1n1ccc(=O)[nH]c1=O |r,@:15,@@:1|"
X,676.5,C27 H27 N5 O14 P,"2'-DEOXY-N7-(8,9-DIHYDRO-9-HYDROXY-10-DEHYDROXY-AFLATOXIN)GUANOSINE MONOPHOSPHATE","COc1cc2O[C@H]3O[C@H]([C@H](O)[C@H]3c2c2oc(=O)c3C(=O)CCc3c12)[n+]1cn([C@H]2C[C@H](O)[C@@H](COP(O)(O)=O)O2)c2nc(N)[nH]c(=O)c12 |r,@:34|"
X4A,230.11,C5 H11 O8 P,"[(2R,3S,5S)-2,3,5-TRIHYDROXYTETRAHYDROFURAN-2-YL]METHYL DIHYDROGEN PHOSPHATE","O[C@@H]1C[C@H](O)[C@@](O)(COP(O)(O)=O)O1 |r,@:9|"
XAE,381.28,C14 H16 N5 O6 P,"3-(2-DEOXY-5-O-PHOSPHONO-BETA-D-ERYTHRO-PENTOFURANOSYL)-3H-IMIDAZO[4,5-G]QUINAZOLIN-8-AMINE","Nc1ncnc2cc3n(cnc3cc12)[C@H]1C[C@H](O)[C@@H](COP(O)(O)=O)O1 |r,@@:21|"
XCS,371.28,C14 H18 N3 O7 P,"(1R)-1-(4-AMINO-6-METHYL-2-OXO-1,2-DIHYDROQUINAZOLIN-8-YL)-1,4-ANHYDRO-2-DEOXY-5-O-PHOSPHONO-D-ERYTHRO-PENTITOL","Cc1cc([C@H]2C[C@H](O)[C@@H](COP(O)(O)=O)O2)c2[nH]c(=O)nc(N)c2c1 |r,@:11|"
XGA,397.28,C14 H16 N5 O7 P,"6-AMINO-3-(2-DEOXY-5-O-PHOSPHONO-BETA-D-ERYTHRO-PENTOFURANOSYL)-3,7-DIHYDRO-8H-IMIDAZO[4,5-G]QUINAZOLIN-8-ONE","Nc1nc2cc3n(cnc3cc2c(=O)[nH]1)[C@H]1C[C@H](O)[C@@H](COP(O)(O)=O)O1 |r,@@:22|"
XPB,494.39,C19 H23 N6 O8 P,O6-[4-oxo-4-(3-pyridyl)butyl]-2'-deoxyguanosine-5'-monophosphate,"Nc1nc(OCCCC(=O)c2cccnc2)c2ncn([C@H]3C[C@H](O)[C@@H](COP(O)(O)=O)O3)c2n1 |r,@:27|"
XR2,590.72,C34 H38 N8 O2,"1-METHYL-9-[12-(9-METHYLPHENAZIN-10-IUM-1-YL)-12-OXO-2,11-DIAZA-5,8-DIAZONIADODEC-1-ANOYL]PHENAZIN-10-IUM",Cc1cccc2nc3cccc(C(=O)NCC[NH2+]CC[NH2+]CCNC(=O)c4cccc5nc6cccc(C)c6[nH+]c45)c3[nH+]c12
XTR,332.25,C12 H17 N2 O7 P,"[(1R,4S,6S)-6-hydroxy-4-(5-methyl-2,4-dioxo-3,4-dihydropyrimidin-1(2H)-yl)cyclohex-2-en-1-yl]methyl dihydrogen phosphate","Cc1cn([C@H]2C[C@H](O)[C@@H](COP(O)(O)=O)C=C2)c(=O)[nH]c1=O |r,c:15,@:11|"
XTY,372.27,C14 H17 N2 O8 P,"(1R)-1,4-ANHYDRO-2-DEOXY-1-(6-METHYL-2,4-DIOXO-1,2,3,4-TETRAHYDROQUINAZOLIN-8-YL)-5-O-PHOSPHONO-D-ERYTHRO-PENTITOL","Cc1cc([C@H]2C[C@H](O)[C@@H](COP(O)(O)=O)O2)c2[nH]c(=O)[nH]c(=O)c2c1 |r,@@:11|"
Y,451.37,C18 H22 N5 O7 P,2'-DEOXY-N6-(S)STYRENE OXIDE ADENOSINE MONOPHOSPHATE,"OC[C@@H](Nc1ncnc2n(cnc12)[C@H]1C[C@H](O)[C@@H](COP(O)(O)=O)O1)c1ccccc1 |r,@:20|"
ZN,65.41,Zn,ZINC ION,[Zn++]
ZUK,195.22,C9 H13 N3 O2,5-pyrimidin-2-yl-D-norvaline,N[C@H](CCCc1ncccn1)C(O)=O |r|
