pdb,hairpin
103d,
104d,
105d,
106d,
107d,
108d,
124d,
132d,
134d,
135d,
136d,
139d,
140d,
141d,
142d,
143d, 143d_0_12
146d,
148d, 148d_0_6
149d,
156d,
169d,
170d,
171d,
175d,
176d,
177d,
179d,
17ra, 17ra_0_4
185d,
186d,
193d,
199d,
1a1t, 1a1t_0_4
1a3m,
1a4d,
1a4t, 1a4t_0_5
1a51, 1a51_0_3
1a60, 1a60_0_7 1a60_1_9 1a60_2_6
1a66,
1a6b,
1a6h, 1a6h_0_5 1a6h_1_5
1a83,
1a84,
1a8n, 1a8n_0_4 1a8n_1_4
1a8w, 1a8w_0_4 1a8w_1_4
1a9g,
1a9h,
1a9i,
1a9j,
1a9l, 1a9l_0_4
1ac3,
1ac7, 1ac7_0_4
1ac9,
1af1,
1aff,
1afx, 1afx_0_4
1afz,
1ag3,
1ag5,
1agh,
1agk,
1ago,
1agu,
1agz,
1ahd,
1ajf, 1ajf_0_4
1ajl,
1ajt,
1aju, 1aju_0_6
1akx, 1akx_0_6
1al5,
1al9,
1am0,
1amd,
1anr, 1anr_0_6
1ao1,
1ao9,
1ap1,
1aqo, 1aqo_0_3
1arj, 1arj_0_6
1at4,
1ato, 1ato_0_7
1atv, 1atv_0_4
1atw, 1atw_0_4
1au5,
1au6, 1au6_0_2 1au6_1_2
1aud, 1aud_0_4
1aul,
1aw4, 1aw4_0_3
1ax6,
1ax7,
1axl,
1axo,
1axp,
1axu,
1axv,
1b0s,
1b36, 1b36_0_4
1b3p,
1b4y, 1b4y_0_4
1b5k,
1b60,
1b69,
1b6x,
1b6y,
1bae,
1bau, 1bau_0_11 1bau_1_11
1bbx,
1bcb,
1bce,
1bdz,
1be5,
1bgz, 1bgz_0_4
1bhr,
1biv, 1biv_0_4
1bj2, 1bj2_0_7 1bj2_1_7
1bj6,
1bjd,
1bjh, 1bjh_0_3
1bn0, 1bn0_0_4
1bn9,
1bp8,
1bps,
1bub,
1buf,
1but,
1bvj, 1bvj_0_6
1bw7,
1bwg,
1bwt,
1bx5,
1byj, 1byj_0_4
1byx,
1bz2, 1bz2_0_7
1bz3, 1bz3_0_3
1bzt, 1bzt_0_9
1bzu, 1bzu_0_9
1c0o, 1c0o_0_4
1c0y,
1c11,
1c2q,
1c32,
1c34,
1c35,
1c38,
1c4l,
1c7u,
1c95,
1cfl,
1cjg,
1co0,
1coc,
1cp8,
1cq5, 1cq5_0_4
1cql, 1cql_0_4
1cqo,
1cr3,
1cs2,
1cx3,
1cx5,
1cyz,
1d0t, 1d0t_0_4
1d0u, 1d0u_0_4
1d18,
1d19,
1d20,
1d3x,
1d42,
1d68,
1d69,
1d6d,
1d6k, 1d6k_0_4
1d70,
1d83,
1da4,
1da5,
1dau,
1db6, 1db6_0_6
1ddp,
1dgo, 1dgo_0_4
1dhh,
1djd,
1dk6,
1dk9,
1dl4,
1drn,
1drr,
1dsa,
1dsc,
1dsd,
1dsi,
1dsm,
1duf,
1dxa,
1dxn,
1dz5,
1e4p, 1e4p_0_4
1e7j,
1e95, 1e95_0_7 1e95_1_15
1ebq, 1ebq_0_4
1ebr, 1ebr_0_4
1ebs, 1ebs_0_4
1ec4,
1ecu, 1ecu_0_3
1eeg,
1eek,
1efs,
1eht, 1eht_0_4
1ei2, 1ei2_0_6
1ejz,
1eka,
1ekd,
1ekh,
1eki,
1ekw,
1ekz, 1ekz_0_2
1el2,
1elh,
1eln,
1emq,
1en1, 1en1_0_5
1esh, 1esh_0_3
1ess,
1esy, 1esy_0_4
1etf, 1etf_0_4
1etg, 1etg_0_4
1eu2,
1eu6,
1evm,
1evn,
1evo,
1ew1,
1exl,
1exy, 1exy_0_4
1ezn, 1ezn_0_2 1ezn_1_2
1f3s, 1f3s_0_2 1f3s_1_2
1f4s,
1f5e,
1f5g,
1f5h,
1f5u, 1f5u_0_4 1f5u_1_4
1f6u, 1f6u_0_4
1f6x, 1f6x_0_4
1f6z, 1f6z_0_4
1f78, 1f78_0_4
1f79, 1f79_0_4
1f7f, 1f7f_0_4
1f7g, 1f7g_0_4
1f7h, 1f7h_0_4
1f7i, 1f7i_0_4
1f84, 1f84_0_6
1f85, 1f85_0_4
1f9l, 1f9l_0_4
1fc8, 1fc8_0_4
1feq, 1feq_0_7
1fhk, 1fhk_0_8
1fj5,
1fja,
1fjb,
1fje, 1fje_0_14
1fky,
1fkz,
1fl8, 1fl8_0_9
1fmn, 1fmn_0_4
1fnx,
1fqp,
1fqz, 1fqz_0_6
1fv7,
1fv8, 1fv8_0_3
1fyi,
1fyo, 1fyo_0_4
1fyp, 1fyp_0_4
1fyy,
1fzl,
1fzs,
1fzx,
1g14,
1g1n,
1g22,
1g3a,
1g4d,
1g5d,
1g5e,
1g5k,
1g5l,
1g70, 1g70_0_4
1g7z,
1g80,
1gat,
1gau,
1gcc,
1gip,
1giz,
1gj0,
1gj1,
1gj2,
1gn7, 1gn7_0_4
1gtc,
1guc,
1gv6,
1h0q,
1hg9,
1hhw,
1hhx,
1hji, 1hji_0_5
1hlx, 1hlx_0_4
1hm1,
1ho6, 1ho6_0_4
1hoq, 1hoq_0_4
1hry,
1hrz,
1hs1, 1hs1_0_6
1hs2, 1hs2_0_6
1hs3, 1hs3_0_6
1hs4, 1hs4_0_6
1hs8, 1hs8_0_6
1ht4,
1ht7,
1hvn,
1hvo,
1hwq, 1hwq_0_6
1hwv,
1hx4,
1hz0,
1hz2,
1i34,
1i3x, 1i3x_0_5
1i3y, 1i3y_0_5
1i46, 1i46_0_3
1i4b, 1i4b_0_3
1i4c, 1i4c_0_3
1i5v,
1i7v,
1i9f, 1i9f_0_4
1i9k,
1idv, 1idv_0_4
1idx, 1idx_0_4
1ie1, 1ie1_0_14
1ie2, 1ie2_0_2
1iek,
1iey,
1ig4,
1ii1, 1ii1_0_4
1ik1, 1ik1_0_3
1ikd, 1ikd_0_4
1ir5,
1iv6,
1j46,
1j47,
1j4w,
1j4y, 1j4y_0_5
1j5k,
1j5n,
1j9n,
1jdg,
1jhi,
1jjp,
1jo1,
1jo7, 1jo7_0_4
1jox, 1jox_0_6
1jp0, 1jp0_0_6
1jrv,
1jrw,
1js5,
1js7,
1jtj, 1jtj_0_9
1jtw, 1jtw_0_4
1ju0, 1ju0_0_9 1ju0_1_9
1ju1,
1ju7, 1ju7_0_4
1jua, 1jua_0_9 1jua_1_9
1jur, 1jur_0_4
1juu,
1jvc,
1jve, 1jve_0_3
1jwc, 1jwc_0_4
1jzc, 1jzc_0_3
1k1g,
1k1h,
1k1r,
1k29,
1k2g, 1k2g_0_4 1k2g_1_4
1k2j,
1k2k,
1k4a, 1k4a_0_4
1k4b, 1k4b_0_4
1k4x,
1k5e,
1k5f,
1k5i, 1k5i_0_5
1k6g, 1k6g_0_4
1k6h, 1k6h_0_4
1k8j,
1k8l,
1k8n,
1k8s,
1k9h,
1k9l,
1kaj, 1kaj_0_9 1kaj_1_15
1kb1,
1kbd,
1kbm,
1kis, 1kis_0_6 1kis_1_6
1kka, 1kka_0_5
1kks, 1kks_0_4
1kkv,
1kkw,
1koc,
1kod,
1kos, 1kos_0_7
1kp7, 1kp7_0_4
1kpd, 1kpd_0_9 1kpd_1_13
1kpy, 1kpy_0_6 1kpy_1_14
1kpz, 1kpz_0_6 1kpz_1_14
1kqq,
1kr8, 1kr8_0_3
1ksb,
1kse,
1kvh,
1kxs,
1l0r, 1l0r_0_3 1l0r_1_3
1l1c, 1l1c_0_4
1l1m,
1l1v, 1l1v_0_3
1l1w, 1l1w_0_4
1l3m,
1la8, 1la8_0_3
1lae, 1lae_0_3
1lai,
1laq,
1las,
1lc6, 1lc6_0_5
1lcc,
1lcd,
1ldz, 1ldz_0_4
1lej,
1lfu,
1lmv,
1lo1,
1lpw,
1luh,
1luu, 1luu_0_7
1lux, 1lux_0_7
1lvj, 1lvj_0_6
1lvs,
1lwa,
1m5l, 1m5l_0_4
1m6a,
1m82, 1m82_0_4
1me0,
1me1,
1mfj, 1mfj_0_4
1mfk, 1mfk_0_4
1mfy, 1mfy_0_4
1mis,
1mk6,
1mkl,
1mnb, 1mnb_0_4
1mnx, 1mnx_0_4
1mp7, 1mp7_0_3
1mse,
1msf,
1mt4, 1mt4_0_8
1mtg,
1muv,
1mv1,
1mv2,
1mv6,
1mwg,
1mxj,
1mxk,
1my9,
1myq,
1n0k,
1n0o,
1n14,
1n17,
1n1k,
1n1n,
1n2w,
1n37,
1n4b,
1n53,
1n66, 1n66_0_4
1n8c,
1n8x, 1n8x_0_4
1n96,
1na2, 1na2_0_5
1naj,
1nao,
1nbk, 1nbk_0_4
1nbr, 1nbr_0_3
1nc0, 1nc0_0_7
1nem, 1nem_0_5
1nev,
1ngo, 1ngo_0_5
1ngu, 1ngu_0_5
1nk2,
1nk3,
1noq,
1np5,
1np9,
1ntq,
1nts,
1ntt,
1nxr,
1nyb, 1nyb_0_6
1nyd,
1nz1, 1nz1_0_5
1nzm,
1o15, 1o15_0_4
1o4x,
1oci,
1oka,
1okf,
1old, 1old_0_5
1on5,
1onm,
1oo7,
1opq,
1oq0, 1oq0_0_3
1oq2,
1osl,
1osr,
1osw, 1osw_0_4
1ovf, 1ovf_0_3
1ow9, 1ow9_0_4
1oz8,
1p0u, 1p0u_0_3
1p3x,
1p5m, 1p5m_0_4
1p5n, 1p5n_0_7
1p5o, 1p5o_0_7
1p5p, 1p5p_0_7
1p96,
1pbl,
1pbm,
1pbr, 1pbr_0_4
1pdt,
1pg9,
1pgc,
1pib,
1pik,
1pjy, 1pjy_0_4
1pqq,
1pqt, 1pqt_0_3
1pyj,
1q2t,
1q75, 1q75_0_5
1q8n, 1q8n_0_4
1qby,
1qc8, 1qc8_0_6
1qch,
1qd3, 1qd3_0_6
1qdf,
1qdh,
1qdi,
1qdk,
1qe7, 1qe7_0_4
1qes,
1qet,
1qfq, 1qfq_0_5
1qkg,
1ql5,
1qms,
1qsk,
1qsx,
1qwa, 1qwa_0_4
1qwb, 1qwb_0_14
1qxb,
1r2l,
1r2p, 1r2p_0_4
1r3x,
1r4d,
1r4e,
1r4h, 1r4h_0_2
1r7w, 1r7w_0_4
1r7z, 1r7z_0_4
1rau,
1raw, 1raw_0_4
1rcs,
1rde,
1rfr, 1rfr_0_4
1rgo,
1rht, 1rht_0_4
1rkj, 1rkj_0_6
1rme,
1rmx,
1rn9,
1rng, 1rng_0_2
1rnk, 1rnk_0_9 1rnk_1_14
1roq, 1roq_0_4
1rrd,
1rrr,
1rvh,
1rvi,
1s0t,
1s2f, 1s2f_0_4
1s34, 1s34_0_4
1s37,
1s40,
1s74,
1s75,
1s88,
1s9l,
1s9n,
1s9o,
1s9s, 1s9s_0_4 1s9s_1_4 1s9s_2_4
1saa,
1scl, 1scl_0_4
1sjk,
1sjl,
1skp,
1slo, 1slo_0_4
1slp, 1slp_0_4
1sls, 1sls_0_17 1sls_1_17
1snh,
1snj, 1snj_0_2 1snj_1_2
1sp6,
1ss7,
1ssj,
1ssv,
1sy4, 1sy4_0_5
1sy8,
1syz, 1syz_0_5
1szy, 1szy_0_7
1t28, 1t28_0_16
1t2r,
1t2s,
1t4l, 1t4l_0_4
1t4x,
1tan,
1tbk, 1tbk_0_5
1tf3,
1tfn, 1tfn_0_4
1tjz, 1tjz_0_4
1tlr, 1tlr_0_4
1tn9,
1tne,
1tob, 1tob_0_6
1tqr,
1ttd,
1tuq,
1tut,
1txs, 1txs_0_4
1u01,
1u2a, 1u2a_0_6
1u3k, 1u3k_0_4
1u64,
1u6c,
1u6n,
1u6o,
1u6p, 1u6p_0_4 1u6p_1_4 1u6p_2_4
1uab,
1ull, 1ull_0_4
1uqa,
1uqb,
1uqc,
1uqd,
1uqe,
1uqf,
1uqg,
1uts, 1uts_0_6
1uud, 1uud_0_6
1uui, 1uui_0_6
1uuu, 1uuu_0_5
1vfc,
1vop, 1vop_0_5
1w86,
1wan, 1wan_0_4
1wks, 1wks_0_5
1wtb,
1wts, 1wts_0_4
1wtt, 1wtt_0_4
1wwd,
1wwe,
1wwf,
1wwg,
1x0f,
1x26,
1x2o,
1x2s,
1x2u,
1x2v,
1x2x,
1x2y,
1x2z,
1x30,
1x6w,
1x95,
1xav,
1xce,
1xci,
1xcy,
1xcz,
1xhp, 1xhp_0_5
1xrw,
1xs9,
1xsg, 1xsg_0_4
1xsh, 1xsh_0_4
1xst, 1xst_0_4
1xsu, 1xsu_0_4
1xue, 1xue_0_3
1xv0,
1xv6,
1xwp, 1xwp_0_6
1xwu, 1xwu_0_3
1y8d,
1y9h,
1ybl,
1ybn,
1ybr,
1yct,
1ycw,
1yfv,
1yg3, 1yg3_0_6 1yg3_1_15
1yg4, 1yg4_0_6 1yg4_1_15
1ylg, 1ylg_0_8
1ymo, 1ymo_0_17 1ymo_1_14
1yn1, 1yn1_0_5
1yn2, 1yn2_0_5
1ync, 1ync_0_8
1yne, 1yne_0_8
1yng, 1yng_0_8
1ysv, 1ysv_0_5
1yui,
1yuj,
1z2j, 1z2j_0_4
1z30, 1z30_0_4
1z31, 1z31_0_4
1zbn, 1zbn_0_4
1zc5, 1zc5_0_4
1zgw,
1zhu, 1zhu_0_3
1zif, 1zif_0_4
1zig, 1zig_0_4
1zih, 1zih_0_4
1zq3,
1zyf,
1zyg,
1zyh,
201d,
202d,
203d,
204d,
207d,
214d,
219d,
225d,
226d,
229d, 229d_0_7
230d,
28sp, 28sp_0_4
28sr, 28sr_0_4
2a5p,
2a5r,
2a9l, 2a9l_0_4
2a9x, 2a9x_0_4
2ad9,
2adb,
2adc,
2adt, 2adt_0_4 2adt_1_4
2aht, 2aht_0_4
2akg,
2ap0, 2ap0_0_6 2ap0_1_15
2ap5, 2ap5_0_6 2ap5_1_15
2aqy,
2arg, 2arg_0_4 2arg_1_5
2au4, 2au4_0_4
2awq, 2awq_0_7
2awv,
2b6g, 2b6g_0_2
2b7g, 2b7g_0_5
2bj2, 2bj2_0_7 2bj2_1_7
2bjc,
2bq2,
2c06,
2cd1, 2cd1_0_4
2cd3, 2cd3_0_4
2cd5, 2cd5_0_4
2cd6, 2cd6_0_4
2chj,
2chk,
2cjk,
2d17,
2d18,
2d19, 2d19_0_9 2d19_1_9
2d1a,
2d1b, 2d1b_0_9 2d1b_1_9
2da8,
2dau,
2dd1,
2dd2,
2dd3,
2e4i,
2err,
2es5, 2es5_0_2
2ese, 2ese_0_2
2euy, 2euy_0_4
2evy, 2evy_0_6
2exf, 2exf_0_5
2ezd,
2eze,
2ezf,
2ezg,
2f1q, 2f1q_0_2 2f1q_1_2 2f1q_2_2
2f4x, 2f4x_0_9 2f4x_1_9
2f87, 2f87_0_4
2f88, 2f88_0_4
2f8u,
2fdt, 2fdt_0_5
2fey, 2fey_0_7
2ff0,
2fy1, 2fy1_0_5
2g1g, 2g1g_0_7
2g1w, 2g1w_0_5 2g1w_1_10
2gat,
2gbh,
2ge2,
2gio, 2gio_0_4
2gip, 2gip_0_4
2gkd,
2gku, 2gku_0_18
2glo,
2gm0,
2grw, 2grw_0_4
2gv3, 2gv3_0_5
2gv4, 2gv4_0_4
2gvo, 2gvo_0_6
2gzk,
2h3a,
2h3c,
2h49,
2hdc,
2hem, 2hem_0_4
2hgh, 2hgh_0_4 2hgh_1_4
2hk4,
2hkb,
2hkc,
2hli,
2hmd,
2hmr,
2hns, 2hns_0_4
2hou,
2hpx,
2hsk,
2hsl,
2hsr,
2hss,
2hua, 2hua_0_4
2hy9,
2i2y,
2i7e, 2i7e_0_4 2i7e_1_4
2i7z, 2i7z_0_4 2i7z_1_4
2icz,
2idn,
2ihx, 2ihx_0_7 2ihx_1_5 2ihx_2_4
2irn,
2iro,
2ixy, 2ixy_0_3
2ixz, 2ixz_0_3
2jp9,
2jpa,
2jpp, 2jpp_0_6 2jpp_1_6
2jpz,
2jq7, 2jq7_0_9 2jq7_1_6
2jr4, 2jr4_0_7
2jrg,
2jrq,
2jse, 2jse_0_4
2jsg, 2jsg_0_7
2jsk, 2jsk_0_18
2jsl,
2jsm, 2jsm_0_18
2jsq,
2jt7,
2jtp, 2jtp_0_3
2juk, 2juk_0_4
2jwq,
2jwv, 2jwv_0_4
2jx1,
2jxi,
2jxq,
2jxs,
2jxv, 2jxv_0_4
2jyf, 2jyf_0_4 2jyf_1_4
2jyh, 2jyh_0_4 2jyh_1_4
2jyj, 2jyj_0_4 2jyj_1_4
2jyk,
2jym, 2jym_0_2
2jzw, 2jzw_0_5
2k0t,
2k0u,
2k0v,
2k1n,
2k1y,
2k3z,
2k41,
2k4l,
2k5z, 2k5z_0_4
2k65,
2k66, 2k66_0_4
2k67,
2k68,
2k69,
2k71, 2k71_0_4
2k7e,
2k7f,
2k8t,
2k8u,
2k8z,
2k90,
2k95, 2k95_0_17 2k95_1_14
2k96, 2k96_0_17 2k96_1_14
2k97,
2kae,
2kal,
2kar,
2kas,
2kaz, 2kaz_0_3 2kaz_1_3
2kbd,
2kbp,
2kd4,
2kd8, 2kd8_0_4
2kd9,
2kda,
2kdq, 2kdq_0_6
2kdz,
2ke6, 2ke6_0_8
2ke8,
2kei,
2kej,
2kek,
2kez, 2kez_0_5
2kf0, 2kf0_0_5
2kf7,
2kf8,
2kfy,
2kg0,
2kg1,
2kgp, 2kgp_0_6
2kh0,
2kh1,
2kh3,
2kh4,
2kh5,
2kh6,
2kh7,
2kh8,
2kh9,
2khy, 2khy_0_4
2kk5,
2kka,
2kkf,
2kkk,
2km3, 2km3_0_2
2km8,
2kmj, 2kmj_0_4
2kmk,
2kn7,
2knk,
2knl,
2ko0,
2koc, 2koc_0_4
2kow, 2kow_0_8
2kp3,
2kp4,
2kpc, 2kpc_0_5
2kpd, 2kpd_0_7
2kpr,
2kpv, 2kpv_0_4
2kqg,
2kqh,
2krp, 2krp_0_7
2krq, 2krq_0_7
2krv, 2krv_0_7
2krw, 2krw_0_7
2kry, 2kry_0_7
2krz, 2krz_0_7
2ktp,
2ktt,
2ktz, 2ktz_0_4
2ku0, 2ku0_0_4
2kur, 2kur_0_8
2kuu, 2kuu_0_8
2kuv, 2kuv_0_8
2kuw, 2kuw_0_8
2kuz,
2kv0,
2kv6,
2kvn, 2kvn_0_6
2kvy,
2kwg,
2kx5, 2kx5_0_6
2kx8, 2kx8_0_5
2kxm, 2kxm_0_6
2kxn,
2kxz,
2ky0,
2ky1,
2ky2,
2ky7,
2ky8,
2kyd,
2kye, 2kye_0_5
2kyo,
2kyp,
2kzd,
2kze,
2kzl, 2kzl_0_4
2l13,
2l1f, 2l1f_0_4 2l1f_1_4 2l1f_2_4 2l1f_3_4
2l1g,
2l1v, 2l1v_0_12 2l1v_1_19
2l2j, 2l2j_0_4
2l2k, 2l2k_0_4
2l2u,
2l2v,
2l3c, 2l3c_0_4
2l3e, 2l3e_0_4
2l3j, 2l3j_0_5
2l41,
2l45,
2l46,
2l4l,
2l5d,
2l5k, 2l5k_0_3
2l5z, 2l5z_0_4
2l6i, 2l6i_0_2
2l7d,
2l7v,
2l88,
2l8c,
2l8f,
2l8h, 2l8h_0_6
2l8i,
2l8p,
2l8q,
2l8u,
2l8w,
2l94, 2l94_0_4
2l9e,
2la5, 2la5_0_20
2la9, 2la9_0_9
2lac, 2lac_0_7
2lar,
2lb4,
2lbi,
2lbj, 2lbj_0_3
2lbk, 2lbk_0_5
2lbl, 2lbl_0_7
2lbq, 2lbq_0_7
2lbr, 2lbr_0_9
2lbs, 2lbs_0_4
2lby,
2lc8, 2lc8_0_8 2lc8_1_27
2ld5,
2ld8,
2ldl, 2ldl_0_7
2ldt, 2ldt_0_4
2ldz, 2ldz_0_4
2le6,
2leb,
2lec,
2led,
2lee,
2lef,
2lex,
2lfa,
2lfx,
2lfy,
2lg0,
2lg2,
2lg3,
2lgm,
2lho,
2lhp, 2lhp_0_4
2li4, 2li4_0_4
2li8,
2lia,
2lib,
2ljj, 2ljj_0_5
2lk3, 2lk3_0_4
2lk7,
2lkr, 2lkr_0_5 2lkr_1_4
2lkx,
2ll9,
2llj,
2lo5, 2lo5_0_3
2lo8, 2lo8_0_3
2loa, 2loa_0_3
2lod,
2lp9, 2lp9_0_3
2lpa, 2lpa_0_3
2lps, 2lps_0_4
2lpt, 2lpt_0_4
2lpw,
2lqz, 2lqz_0_4
2lsc,
2lsf,
2lsx,
2lsz,
2lt0,
2lt7,
2ltt,
2lu0, 2lu0_0_4 2lu0_1_4
2lub, 2lub_0_4
2luj,
2lun, 2lun_0_4
2lup, 2lup_0_4
2lv0, 2lv0_0_8
2lvy,
2lwg,
2lwh,
2lwk, 2lwk_0_4
2lwm,
2lwn,
2lwo,
2lx1,
2lxq,
2lxv,
2lyg,
2lzk,
2lzv,
2lzw,
2m11,
2m12, 2m12_0_7
2m18,
2m1g,
2m1o,
2m1v, 2m1v_0_11
2m21, 2m21_0_7
2m22, 2m22_0_5
2m23, 2m23_0_8
2m24, 2m24_0_11
2m27,
2m2c,
2m2w, 2m2w_0_3 2m2w_1_3
2m39,
2m3p,
2m3y,
2m40,
2m43,
2m44,
2m4p,
2m4q, 2m4q_0_4
2m4w, 2m4w_0_4
2m53,
2m54,
2m57, 2m57_0_5
2m58, 2m58_0_4 2m58_1_10 2m58_2_13
2m5u, 2m5u_0_4
2m6v, 2m6v_0_9
2m6w,
2m84,
2m8a,
2m8d,
2m8k, 2m8k_0_18 2m8k_1_10
2m8y, 2m8y_0_3
2m8z, 2m8z_0_3
2m90, 2m90_0_3
2m91, 2m91_0_3
2m92, 2m92_0_10 2m92_1_3
2m93, 2m93_0_3
2map,
2mav,
2may, 2may_0_18
2mb0,
2mb2,
2mb3,
2mb4,
2mbj, 2mbj_0_15
2mcc,
2mci,
2mcj,
2mco, 2mco_0_12
2me6,
2meq, 2meq_0_7
2mer, 2mer_0_9
2mf0, 2mf0_0_8 2mf0_1_6 2mf0_2_5 2mf0_3_5
2mf1, 2mf1_0_8 2mf1_1_6 2mf1_2_5 2mf1_3_5
2mf8,
2mfc, 2mfc_0_8 2mfc_1_8
2mfd, 2mfd_0_5
2mfe, 2mfe_0_6 2mfe_1_6
2mff, 2mff_0_5 2mff_1_5
2mfg, 2mfg_0_5 2mfg_1_5
2mfh,
2mft,
2mfu,
2mg8,
2mgn,
2mgz,
2mh6,
2mhi, 2mhi_0_3 2mhi_1_5
2mhx,
2mhz,
2mi0, 2mi0_0_6 2mi0_1_7
2mis, 2mis_0_4
2miv,
2miw,
2miy, 2miy_0_12 2miy_1_4
2mjh,
2mjj,
2mjx,
2mki,
2mkk,
2mkm,
2mkn,
2mko,
2mmf,
2mmq,
2mmr,
2mms,
2mn0, 2mn0_0_7
2mna,
2mnb,
2mnc, 2mnc_0_5
2mnd,
2mne,
2mnf,
2mnx,
2mo2,
2mo7,
2moe,
2mqo,
2mqp,
2mqq,
2mqt, 2mqt_0_4
2mqv, 2mqv_0_4
2mru,
2mrz,
2ms0, 2ms0_0_9 2ms0_1_7 2ms0_2_7
2ms1, 2ms1_0_9 2ms1_1_7 2ms1_2_7
2ms5,
2ms6,
2ms9,
2mtj, 2mtj_0_2 2mtj_1_4
2mtk, 2mtk_0_2 2mtk_1_4
2mtv,
2mvs,
2mvy,
2mwz, 2mwz_0_18
2mxf,
2mxj, 2mxj_0_6
2mxk,
2mxl, 2mxl_0_6
2mxs, 2mxs_0_6
2mxy,
2mz1,
2n0j, 2n0j_0_6
2n0q,
2n0r, 2n0r_0_4
2n1q, 2n1q_0_4 2n1q_1_4 2n1q_2_4
2n21,
2n2d,
2n2o, 2n2o_0_3
2n2p, 2n2p_0_3
2n3m,
2n3o, 2n3o_0_5
2n3q, 2n3q_0_2 2n3q_1_4
2n3r, 2n3r_0_2 2n3r_1_4
2n4j,
2n4l, 2n4l_0_5
2n4m,
2n4y,
2n5o,
2n5p,
2n60,
2n6c,
2n6s, 2n6s_0_4
2n6t, 2n6t_0_4
2n6w, 2n6w_0_4
2n6x, 2n6x_0_4
2n7c,
2n7m, 2n7m_0_4 2n7m_1_4
2n7x, 2n7x_0_5
2n82, 2n82_0_13
2n89,
2n8a, 2n8a_0_4 2n8a_1_2
2n8l,
2n8m,
2n8v, 2n8v_0_6 2n8v_1_6
2n96,
2n9f,
2n9h,
2n9q,
2nbj,
2nbx, 2nbx_0_3 2nbx_1_5 2nbx_2_5
2nby, 2nby_0_3
2nbz, 2nbz_0_5
2nc0, 2nc0_0_4
2nc1, 2nc1_0_4 2nc1_1_4 2nc1_2_5
2nci, 2nci_0_4
2ncq,
2ncr,
2neo,
2npw,
2nq0,
2nq1,
2nq4,
2o32, 2o32_0_4
2o33, 2o33_0_4
2o3m, 2o3m_0_10
2o4y,
2o7w,
2o7x,
2o7y,
2o7z,
2o80,
2o81,
2o82,
2o83,
2o8k,
2o9l,
2oeh,
2oey, 2oey_0_3
2oj7, 2oj7_0_4
2oj8, 2oj8_0_4
2oom, 2oom_0_6 2oom_1_8
2p7c,
2p89, 2p89_0_4
2pcv, 2pcv_0_4
2pcw, 2pcw_0_4
2pik,
2pn9, 2pn9_0_6 2pn9_1_8
2qh2, 2qh2_0_5
2qh3, 2qh3_0_7
2qh4, 2qh4_0_6
2rlu, 2rlu_0_5
2rmq,
2rn1, 2rn1_0_6 2rn1_1_8
2ro2, 2ro2_0_5
2rou,
2rp0, 2rp0_0_6 2rp0_1_14
2rp1, 2rp1_0_6 2rp1_1_14
2rpd,
2rpe,
2rpf,
2rph,
2rpk, 2rpk_0_6
2rpt, 2rpt_0_4
2rqc,
2rqj,
2rra,
2rrc, 2rrc_0_4
2rrq,
2rrr,
2rs2,
2rsk,
2rt8,
2ru3,
2ru7,
2rvo, 2rvo_0_4
2rvp,
2stt,
2stw,
2tob, 2tob_0_6
2tpk, 2tpk_0_8 2tpk_1_12
2u2a, 2u2a_0_6
2v3l,
2vah, 2vah_0_4
2vai, 2vai_0_4
2wcc,
2wcn,
2xc7,
2xeb,
2xfm,
2y95, 2y95_0_4
2yh1,
2z2g,
2z2h,
2z33,
3gat,
3kbd,
3php, 3php_0_6
3rec,
484d, 484d_0_7
4a4r, 4a4r_0_4
4a4s, 4a4s_0_4
4a4t, 4a4t_0_4
4a4u, 4a4u_0_4
4b8t,
4bs2,
4by9, 4by9_0_4 4by9_1_4
4bzt,
4bzu,
4bzv,
4ch1,
4cio,
4gat,
4kbd,
5a17, 5a17_0_5
5a18, 5a18_0_5
5b7j,
5b81,
5gat,
5gwl, 5gwl_0_2 5gwl_1_2
5gwq, 5gwq_0_2 5gwq_1_2
5hqf,
5hqq,
5i2v,
5iem, 5iem_0_4
5iv1,
5izp,
5j05,
5j0m, 5j0m_0_6
5j1o, 5j1o_0_3
5j2w, 5j2w_0_3
5j3f,
5j3g,
5j3i,
5j4p,
5j4w,
5j6u,
5kgv,
5kh8, 5kh8_0_8 5kh8_1_4
5ki4,
5ki5,
5ki7,
5kib,
5kie,
5kif,
5kih,
5kmz, 5kmz_0_11 5kmz_1_8
5kqe, 5kqe_0_4
5l06,
5l2g,
5lig,
5lwj, 5lwj_0_10 5lwj_1_8
5m1l,
5m1w,
5m2l,
5m4w,
5mbr, 5mbr_0_17
5mcr,
5mjx,
5mpg,
5mpl,
5mvb,
5nip,
5tgg,
5trn,
5u9b,
5uf3, 5uf3_0_4
5uz1,
5uz2,
5uz3,
5uzd,
5uzf,
5uzi,
5uzt, 5uzt_0_10
5uzz, 5uzz_0_8
5v16, 5v16_0_6
5v17, 5v17_0_6
5v2r,
5vh7,
5vh8,
5wq1, 5wq1_0_5
6gat,
7gat,
8drh,
8psh,
