pdb,iloop
103d, 103d_0_3_3 103d_1_3_3
104d,
105d,
106d,
107d,
108d,
124d,
132d,
134d,
135d,
136d,
139d,
140d,
141d,
142d,
143d,
146d,
148d,
149d,
156d,
169d,
170d,
171d,
175d, 175d_0_2_2 175d_1_2_2
176d,
177d,
179d,
17ra, 17ra_0_2_1
185d,
186d,
193d,
199d,
1a1t,
1a3m, 1a3m_0_1_1 1a3m_1_1_2
1a4d, 1a4d_0_7_7
1a4t,
1a51, 1a51_0_7_7
1a60,
1a66,
1a6b,
1a6h,
1a83,
1a84,
1a8n, 1a8n_0_2_2 1a8n_1_2_2
1a8w, 1a8w_0_2_2 1a8w_1_2_2
1a9g,
1a9h,
1a9i,
1a9j,
1a9l,
1ac3,
1ac7,
1ac9,
1af1,
1aff,
1afx,
1afz,
1ag3,
1ag5,
1agh,
1agk,
1ago,
1agu,
1agz,
1ahd,
1ajf,
1ajl, 1ajl_0_6_1
1ajt, 1ajt_0_6_1
1aju,
1akx,
1al5,
1al9,
1am0, 1am0_0_11_1
1amd,
1anr, 1anr_0_4_1
1ao1,
1ao9,
1ap1,
1aqo,
1arj,
1at4,
1ato,
1atv,
1atw,
1au5,
1au6,
1aud, 1aud_0_1_7
1aul,
1aw4, 1aw4_0_6_6
1ax6,
1ax7,
1axl,
1axo,
1axp,
1axu, 1axu_0_1_1
1axv,
1b0s,
1b36, 1b36_0_7_9
1b3p,
1b4y,
1b5k,
1b60,
1b69,
1b6x,
1b6y,
1bae,
1bau, 1bau_0_2_2
1bbx,
1bcb,
1bce,
1bdz,
1be5,
1bgz,
1bhr,
1biv,
1bj2,
1bj6,
1bjd,
1bjh,
1bn0,
1bn9,
1bp8,
1bps, 1bps_0_1_1
1bub,
1buf,
1but,
1bvj,
1bw7, 1bw7_0_1_1
1bwg,
1bwt,
1bx5,
1byj, 1byj_0_1_1 1byj_1_1_2
1byx,
1bz2,
1bz3, 1bz3_0_1_1
1bzt,
1bzu,
1c0o,
1c0y,
1c11, 1c11_0_2_2
1c2q,
1c32,
1c34,
1c35,
1c38,
1c4l, 1c4l_0_1_1
1c7u,
1c95,
1cfl, 1cfl_0_1_1
1cjg,
1co0,
1coc,
1cp8,
1cq5, 1cq5_0_4_4 1cq5_1_6_3
1cql, 1cql_0_5_2 1cql_1_4_4
1cqo,
1cr3,
1cs2,
1cx3,
1cx5,
1cyz,
1d0t,
1d0u,
1d18,
1d19,
1d20,
1d3x,
1d42,
1d68,
1d69, 1d69_0_2_2 1d69_1_2_2
1d6d,
1d6k, 1d6k_0_7_7
1d70,
1d83,
1da4, 1da4_0_2_2
1da5, 1da5_0_2_2
1dau,
1db6,
1ddp, 1ddp_0_2_2
1dgo,
1dhh,
1djd, 1djd_0_1_1
1dk6,
1dk9,
1dl4, 1dl4_0_1_1
1drn,
1drr,
1dsa,
1dsc,
1dsd, 1dsd_0_1_1 1dsd_1_1_1
1dsi,
1dsm,
1duf,
1dxa, 1dxa_0_1_1
1dxn,
1dz5, 1dz5_0_7_1 1dz5_1_1_7
1e4p, 1e4p_0_3_3
1e7j, 1e7j_0_3_1
1e95,
1ebq, 1ebq_0_2_3
1ebr, 1ebr_0_2_3
1ebs, 1ebs_0_2_3
1ec4, 1ec4_0_4_4
1ecu,
1eeg,
1eek,
1efs,
1eht, 1eht_0_1_4 1eht_1_3_3
1ei2,
1ejz,
1eka,
1ekd,
1ekh,
1eki,
1ekw,
1ekz,
1el2,
1elh,
1eln,
1emq,
1en1,
1esh,
1ess,
1esy, 1esy_0_1_2
1etf, 1etf_0_2_3
1etg, 1etg_0_2_3
1eu2, 1eu2_0_2_2 1eu2_1_2_2
1eu6, 1eu6_0_2_2 1eu6_1_2_2
1evm,
1evn,
1evo,
1ew1,
1exl,
1exy,
1ezn,
1f3s,
1f4s,
1f5e,
1f5g, 1f5g_0_1_1 1f5g_1_1_1
1f5h, 1f5h_0_1_1 1f5h_1_1_1
1f5u,
1f6u, 1f6u_0_1_2
1f6x,
1f6z,
1f78,
1f79,
1f7f,
1f7g,
1f7h,
1f7i,
1f84, 1f84_0_5_4
1f85,
1f9l, 1f9l_0_2_2
1fc8,
1feq,
1fhk,
1fj5,
1fja,
1fjb,
1fje,
1fky, 1fky_0_1_1
1fkz, 1fkz_0_1_1
1fl8,
1fmn, 1fmn_0_6_5
1fnx,
1fqp,
1fqz, 1fqz_0_5_4
1fv7,
1fv8,
1fyi, 1fyi_0_1_1
1fyo, 1fyo_0_1_1 1fyo_1_1_2
1fyp, 1fyp_0_1_1 1fyp_1_1_2
1fyy,
1fzl,
1fzs,
1fzx,
1g14,
1g1n,
1g22,
1g3a,
1g4d,
1g5d,
1g5e,
1g5k,
1g5l,
1g70, 1g70_0_2_3
1g7z,
1g80,
1gat,
1gau,
1gcc,
1gip,
1giz,
1gj0,
1gj1,
1gj2,
1gn7,
1gtc,
1guc,
1gv6,
1h0q,
1hg9,
1hhw,
1hhx,
1hji,
1hlx,
1hm1,
1ho6,
1hoq,
1hry,
1hrz,
1hs1,
1hs2,
1hs3,
1hs4,
1hs8,
1ht4,
1ht7,
1hvn,
1hvo,
1hwq, 1hwq_0_3_3
1hwv,
1hx4,
1hz0, 1hz0_0_1_1
1hz2, 1hz2_0_2_2
1i34,
1i3x,
1i3y,
1i46,
1i4b,
1i4c,
1i5v,
1i7v,
1i9f, 1i9f_0_2_3
1i9k,
1idv,
1idx,
1ie1,
1ie2, 1ie2_0_4_4
1iek,
1iey,
1ig4,
1ii1,
1ik1,
1ikd,
1ir5,
1iv6,
1j46,
1j47,
1j4w,
1j4y,
1j5k,
1j5n,
1j9n,
1jdg, 1jdg_0_1_1
1jhi,
1jjp,
1jo1,
1jo7, 1jo7_0_1_1 1jo7_1_1_1 1jo7_2_2_1
1jox,
1jp0,
1jrv,
1jrw,
1js5,
1js7,
1jtj,
1jtw,
1ju0,
1ju1, 1ju1_0_2_1 1ju1_1_1_2
1ju7,
1jua,
1jur,
1juu,
1jvc, 1jvc_0_1_1 1jvc_1_1_1 1jvc_2_1_1
1jve,
1jwc,
1jzc,
1k1g,
1k1h,
1k1r,
1k29,
1k2g,
1k2j,
1k2k,
1k4a,
1k4b,
1k4x,
1k5e,
1k5f,
1k5i,
1k6g,
1k6h,
1k8j,
1k8l,
1k8n,
1k8s,
1k9h,
1k9l,
1kaj,
1kb1,
1kbd,
1kbm,
1kis,
1kka,
1kks, 1kks_0_2_2
1kkv,
1kkw,
1koc, 1koc_0_3_1 1koc_1_2_7
1kod, 1kod_0_3_1 1kod_1_2_7
1kos,
1kp7, 1kp7_0_1_1 1kp7_1_4_2
1kpd,
1kpy,
1kpz,
1kqq,
1kr8,
1ksb,
1kse,
1kvh,
1kxs,
1l0r,
1l1c, 1l1c_0_1_2
1l1m,
1l1v, 1l1v_0_1_1
1l1w, 1l1w_0_2_2
1l3m,
1la8,
1lae,
1lai,
1laq, 1laq_0_1_1
1las, 1las_0_1_1
1lc6, 1lc6_0_1_2
1lcc,
1lcd,
1ldz, 1ldz_0_4_2
1lej,
1lfu,
1lmv,
1lo1,
1lpw, 1lpw_0_1_2
1luh,
1luu,
1lux,
1lvj,
1lvs,
1lwa,
1m5l, 1m5l_0_1_3 1m5l_1_4_2
1m6a,
1m82,
1me0,
1me1,
1mfj,
1mfk,
1mfy, 1mfy_0_2_2
1mis, 1mis_0_2_2
1mk6, 1mk6_0_1_1
1mkl,
1mnb,
1mnx, 1mnx_0_7_7
1mp7,
1mse,
1msf,
1mt4,
1mtg,
1muv, 1muv_0_2_2
1mv1, 1mv1_0_2_2
1mv2, 1mv2_0_2_2
1mv6, 1mv6_0_2_2
1mwg, 1mwg_0_2_2
1mxj,
1mxk,
1my9,
1myq,
1n0k,
1n0o,
1n14,
1n17,
1n1k,
1n1n, 1n1n_0_1_1
1n2w, 1n2w_0_1_1 1n2w_1_1_1
1n37,
1n4b, 1n4b_0_3_3
1n53, 1n53_0_8_1
1n66, 1n66_0_2_2
1n8c,
1n8x, 1n8x_0_1_3
1n96, 1n96_0_2_2 1n96_1_2_2
1na2, 1na2_0_4_4
1naj,
1nao,
1nbk,
1nbr,
1nc0,
1nem,
1nev,
1ngo,
1ngu, 1ngu_0_2_2
1nk2,
1nk3,
1noq, 1noq_0_1_1
1np5,
1np9,
1ntq,
1nts,
1ntt,
1nxr,
1nyb,
1nyd,
1nz1, 1nz1_0_1_2
1nzm,
1o15, 1o15_0_1_4 1o15_1_3_3
1o4x,
1oci,
1oka,
1okf,
1old, 1old_0_2_1
1on5,
1onm, 1onm_0_1_1
1oo7,
1opq,
1oq0,
1oq2, 1oq2_0_1_1
1osl,
1osr,
1osw, 1osw_0_1_3
1ovf,
1ow9, 1ow9_0_3_2
1oz8,
1p0u,
1p3x,
1p5m, 1p5m_0_1_1 1p5m_1_2_2
1p5n, 1p5n_0_4_5
1p5o, 1p5o_0_1_1 1p5o_1_2_2 1p5o_2_4_5
1p5p, 1p5p_0_1_1 1p5p_1_2_2 1p5p_2_4_5
1p96,
1pbl,
1pbm,
1pbr, 1pbr_0_1_1 1pbr_1_1_2
1pdt,
1pg9,
1pgc,
1pib,
1pik,
1pjy,
1pqq,
1pqt,
1pyj,
1q2t,
1q75,
1q8n, 1q8n_0_1_4
1qby,
1qc8,
1qch,
1qd3,
1qdf,
1qdh,
1qdi,
1qdk,
1qe7,
1qes,
1qet,
1qfq,
1qkg,
1ql5, 1ql5_0_1_1
1qms,
1qsk,
1qsx,
1qwa,
1qwb,
1qxb,
1r2l,
1r2p, 1r2p_0_2_4
1r3x,
1r4d,
1r4e,
1r4h,
1r7w,
1r7z,
1rau,
1raw, 1raw_0_11_1
1rcs,
1rde,
1rfr, 1rfr_0_3_3
1rgo,
1rht,
1rkj,
1rme,
1rmx,
1rn9,
1rng,
1rnk,
1roq,
1rrd,
1rrr,
1rvh,
1rvi,
1s0t,
1s2f,
1s34,
1s37, 1s37_0_1_1
1s40,
1s74,
1s75,
1s88,
1s9l,
1s9n, 1s9n_0_2_2
1s9o, 1s9o_0_2_2
1s9s, 1s9s_0_2_2
1saa,
1scl, 1scl_0_6_5
1sjk,
1sjl,
1skp,
1slo,
1slp,
1sls,
1snh,
1snj,
1sp6,
1ss7,
1ssj,
1ssv,
1sy4, 1sy4_0_1_2
1sy8,
1syz, 1syz_0_1_2
1szy,
1t28,
1t2r,
1t2s,
1t4l,
1t4x,
1tan,
1tbk,
1tf3,
1tfn,
1tjz, 1tjz_0_2_2
1tlr, 1tlr_0_3_2
1tn9,
1tne,
1tob,
1tqr,
1ttd,
1tuq,
1tut, 1tut_0_2_2
1txs, 1txs_0_3_3
1u01,
1u2a,
1u3k,
1u64,
1u6c,
1u6n, 1u6n_0_1_1
1u6o, 1u6o_0_1_1
1u6p, 1u6p_0_2_2
1uab,
1ull, 1ull_0_2_3
1uqa,
1uqb,
1uqc,
1uqd,
1uqe,
1uqf,
1uqg,
1uts,
1uud,
1uui,
1uuu,
1vfc,
1vop,
1w86,
1wan,
1wks,
1wtb,
1wts,
1wtt,
1wwd,
1wwe,
1wwf,
1wwg,
1x0f,
1x26, 1x26_0_3_3
1x2o,
1x2s,
1x2u,
1x2v,
1x2x,
1x2y,
1x2z,
1x30,
1x6w,
1x95,
1xav,
1xce,
1xci, 1xci_0_1_1
1xcy,
1xcz,
1xhp, 1xhp_0_1_1 1xhp_1_1_2
1xrw,
1xs9,
1xsg,
1xsh,
1xst,
1xsu,
1xue, 1xue_0_3_3
1xv0, 1xv0_0_3_3
1xv6,
1xwp,
1xwu, 1xwu_0_1_1
1y8d,
1y9h, 1y9h_0_1_1
1ybl,
1ybn,
1ybr,
1yct,
1ycw,
1yfv, 1yfv_0_2_2
1yg3,
1yg4,
1ylg, 1ylg_0_1_2
1ymo,
1yn1,
1yn2,
1ync, 1ync_0_1_2
1yne, 1yne_0_1_2
1yng, 1yng_0_1_2
1ysv,
1yui,
1yuj,
1z2j,
1z30,
1z31, 1z31_0_2_3
1zbn,
1zc5,
1zgw,
1zhu,
1zif,
1zig,
1zih,
1zq3,
1zyf,
1zyg,
1zyh,
201d,
202d,
203d,
204d,
207d,
214d,
219d,
225d,
226d,
229d,
230d,
28sp, 28sp_0_4_4
28sr, 28sr_0_4_4
2a5p,
2a5r,
2a9l,
2a9x,
2ad9,
2adb,
2adc,
2adt, 2adt_0_2_3 2adt_1_2_3
2aht, 2aht_0_1_2
2akg,
2ap0,
2ap5,
2aqy,
2arg,
2au4, 2au4_0_2_4 2au4_1_7_2
2awq,
2awv,
2b6g,
2b7g,
2bj2,
2bjc,
2bq2,
2c06,
2cd1,
2cd3,
2cd5,
2cd6,
2chj,
2chk,
2cjk,
2d17, 2d17_0_3_1
2d18, 2d18_0_2_1 2d18_1_1_2
2d19,
2d1a, 2d1a_0_2_1 2d1a_1_1_2 2d1a_2_1_3 2d1a_3_3_1
2d1b, 2d1b_0_1_3 2d1b_1_1_3
2da8,
2dau,
2dd1, 2dd1_0_3_3
2dd2, 2dd2_0_3_3
2dd3, 2dd3_0_3_3
2e4i,
2err,
2es5,
2ese,
2euy, 2euy_0_2_2 2euy_1_2_2
2evy,
2exf,
2ezd,
2eze,
2ezf,
2ezg,
2f1q,
2f4x,
2f87,
2f88, 2f88_0_1_3
2f8u,
2fdt, 2fdt_0_1_1
2fey, 2fey_0_2_1 2fey_1_3_2
2ff0,
2fy1,
2g1g,
2g1w,
2gat,
2gbh,
2ge2,
2gio, 2gio_0_1_1 2gio_1_3_2
2gip, 2gip_0_2_2
2gkd,
2gku,
2glo,
2gm0, 2gm0_0_2_1 2gm0_1_1_2 2gm0_2_1_3 2gm0_3_3_1
2grw, 2grw_0_1_1
2gv3,
2gv4, 2gv4_0_1_1
2gvo,
2gzk,
2h3a,
2h3c,
2h49, 2h49_0_3_3
2hdc,
2hem, 2hem_0_2_2
2hgh, 2hgh_0_1_1 2hgh_1_5_4
2hk4, 2hk4_0_2_2 2hk4_1_2_2
2hkb,
2hkc, 2hkc_0_1_1
2hli,
2hmd,
2hmr,
2hns,
2hou,
2hpx,
2hsk,
2hsl,
2hsr,
2hss,
2hua, 2hua_0_1_1 2hua_1_1_4 2hua_2_3_2
2hy9,
2i2y,
2i7e, 2i7e_0_2_3 2i7e_1_3_4
2i7z, 2i7z_0_2_3 2i7z_1_2_3
2icz,
2idn,
2ihx,
2irn, 2irn_0_2_2
2iro, 2iro_0_4_4
2ixy,
2ixz,
2jp9,
2jpa,
2jpp,
2jpz,
2jq7, 2jq7_0_2_2 2jq7_1_3_1
2jr4,
2jrg,
2jrq,
2jse, 2jse_0_2_2
2jsg,
2jsk,
2jsl,
2jsm,
2jsq,
2jt7,
2jtp, 2jtp_0_3_2
2juk,
2jwq,
2jwv, 2jwv_0_4_3
2jx1,
2jxi, 2jxi_0_1_1
2jxq,
2jxs,
2jxv, 2jxv_0_2_3
2jyf, 2jyf_0_2_3 2jyf_1_2_3
2jyh, 2jyh_0_2_3 2jyh_1_2_3
2jyj, 2jyj_0_2_3 2jyj_1_2_3
2jyk,
2jym,
2jzw,
2k0t,
2k0u,
2k0v,
2k1n,
2k1y, 2k1y_0_1_1
2k3z,
2k41,
2k4l,
2k5z, 2k5z_0_1_1
2k65,
2k66,
2k67,
2k68,
2k69,
2k71,
2k7e, 2k7e_0_2_2
2k7f,
2k8t,
2k8u,
2k8z,
2k90,
2k95,
2k96,
2k97, 2k97_0_2_2 2k97_1_2_2
2kae,
2kal, 2kal_0_1_1
2kar, 2kar_0_1_1
2kas, 2kas_0_2_2
2kaz,
2kbd,
2kbp,
2kd4,
2kd8,
2kd9, 2kd9_0_1_1
2kda, 2kda_0_1_1
2kdq,
2kdz,
2ke6,
2ke8,
2kei,
2kej,
2kek,
2kez, 2kez_0_1_2
2kf0, 2kf0_0_1_2
2kf7,
2kf8,
2kfy,
2kg0,
2kg1,
2kgp,
2kh0,
2kh1,
2kh3,
2kh4,
2kh5,
2kh6,
2kh7,
2kh8,
2kh9,
2khy, 2khy_0_1_1 2khy_1_7_7
2kk5,
2kka,
2kkf,
2kkk,
2km3, 2km3_0_2_2 2km3_1_2_2
2km8,
2kmj,
2kmk,
2kn7,
2knk,
2knl,
2ko0,
2koc,
2kow,
2kp3,
2kp4,
2kpc,
2kpd,
2kpr,
2kpv, 2kpv_0_1_1
2kqg,
2kqh,
2krp,
2krq,
2krv,
2krw,
2kry,
2krz,
2ktp,
2ktt,
2ktz, 2ktz_0_2_2
2ku0, 2ku0_0_2_2
2kur,
2kuu,
2kuv,
2kuw, 2kuw_0_1_2
2kuz,
2kv0, 2kv0_0_1_1
2kv6,
2kvn,
2kvy,
2kwg,
2kx5,
2kx8, 2kx8_0_1_2
2kxm, 2kxm_0_1_1
2kxn,
2kxz, 2kxz_0_2_2
2ky0, 2ky0_0_2_2
2ky1, 2ky1_0_2_2
2ky2, 2ky2_0_2_2
2ky7,
2ky8,
2kyd,
2kye, 2kye_0_1_1 2kye_1_1_1
2kyo,
2kyp,
2kzd,
2kze,
2kzl, 2kzl_0_6_3 2kzl_1_7_7
2l13,
2l1f,
2l1g,
2l1v,
2l2j, 2l2j_0_1_1 2l2j_1_1_1
2l2k, 2l2k_0_1_1 2l2k_1_1_1
2l2u,
2l2v,
2l3c, 2l3c_0_1_1
2l3e,
2l3j, 2l3j_0_1_1 2l3j_1_1_1 2l3j_2_1_1
2l41,
2l45,
2l46,
2l4l,
2l5d,
2l5k, 2l5k_0_3_3
2l5z, 2l5z_0_3_1
2l6i,
2l7d,
2l7v,
2l88,
2l8c, 2l8c_0_1_1
2l8f, 2l8f_0_4_4
2l8h,
2l8i,
2l8p,
2l8q,
2l8u, 2l8u_0_1_1
2l8w, 2l8w_0_1_1
2l94,
2l9e,
2la5,
2la9,
2lac,
2lar,
2lb4,
2lbi,
2lbj,
2lbk,
2lbl,
2lbq,
2lbr,
2lbs,
2lby,
2lc8, 2lc8_0_1_2
2ld5,
2ld8,
2ldl, 2ldl_0_1_1
2ldt, 2ldt_0_2_3
2ldz, 2ldz_0_4_2
2le6,
2leb,
2lec,
2led,
2lee,
2lef,
2lex,
2lfa,
2lfx,
2lfy, 2lfy_0_1_1
2lg0,
2lg2,
2lg3, 2lg3_0_1_1
2lgm, 2lgm_0_1_1
2lho,
2lhp, 2lhp_0_1_2
2li4,
2li8,
2lia,
2lib,
2ljj, 2ljj_0_3_1
2lk3,
2lk7,
2lkr, 2lkr_0_1_2 2lkr_1_5_6
2lkx,
2ll9, 2ll9_0_1_1
2llj, 2llj_0_1_1
2lo5,
2lo8,
2loa,
2lod,
2lp9,
2lpa,
2lps,
2lpt,
2lpw,
2lqz, 2lqz_0_4_1
2lsc,
2lsf,
2lsx, 2lsx_0_1_1 2lsx_1_1_1 2lsx_2_2_2 2lsx_3_2_2
2lsz, 2lsz_0_1_1
2lt0, 2lt0_0_1_1
2lt7,
2ltt,
2lu0, 2lu0_0_2_3
2lub, 2lub_0_1_2
2luj,
2lun, 2lun_0_1_1 2lun_1_2_2
2lup,
2lv0,
2lvy,
2lwg,
2lwh,
2lwk, 2lwk_0_1_1 2lwk_1_2_1
2lwm,
2lwn,
2lwo,
2lx1, 2lx1_0_4_4
2lxq,
2lxv,
2lyg,
2lzk, 2lzk_0_1_1
2lzv, 2lzv_0_1_1
2lzw, 2lzw_0_1_1
2m11,
2m12,
2m18,
2m1g,
2m1o,
2m1v,
2m21,
2m22, 2m22_0_1_1
2m23,
2m24,
2m27,
2m2c,
2m2w,
2m39,
2m3p,
2m3y,
2m40,
2m43,
2m44,
2m4p,
2m4q, 2m4q_0_1_1 2m4q_1_1_2
2m4w, 2m4w_0_1_2
2m53,
2m54,
2m57, 2m57_0_2_2 2m57_1_2_4
2m58, 2m58_0_3_2 2m58_1_3_3
2m5u,
2m6v,
2m6w,
2m84,
2m8a,
2m8d,
2m8k, 2m8k_0_1_1
2m8y,
2m8z,
2m90,
2m91,
2m92,
2m93,
2map,
2mav, 2mav_0_1_1
2may,
2mb0,
2mb2,
2mb3,
2mb4,
2mbj,
2mcc,
2mci,
2mcj,
2mco,
2me6,
2meq,
2mer,
2mf0,
2mf1,
2mf8,
2mfc,
2mfd,
2mfe,
2mff,
2mfg,
2mfh,
2mft,
2mfu,
2mg8,
2mgn,
2mgz,
2mh6, 2mh6_0_1_1
2mhi,
2mhx,
2mhz,
2mi0,
2mis, 2mis_0_3_1
2miv,
2miw, 2miw_0_2_2
2miy,
2mjh,
2mjj, 2mjj_0_6_6
2mjx,
2mki,
2mkk,
2mkm,
2mkn,
2mko,
2mmf,
2mmq,
2mmr,
2mms,
2mn0,
2mna,
2mnb,
2mnc,
2mnd,
2mne,
2mnf,
2mnx,
2mo2,
2mo7, 2mo7_0_1_1 2mo7_1_1_1
2moe,
2mqo,
2mqp,
2mqq,
2mqt, 2mqt_0_1_1 2mqt_1_2_2 2mqt_2_5_2
2mqv, 2mqv_0_1_1 2mqv_1_2_2 2mqv_2_5_2
2mru,
2mrz,
2ms0,
2ms1,
2ms5, 2ms5_0_1_1
2ms6,
2ms9,
2mtj,
2mtk,
2mtv,
2mvs,
2mvy,
2mwz,
2mxf,
2mxj,
2mxk, 2mxk_0_2_2
2mxl, 2mxl_0_2_2
2mxs, 2mxs_0_1_1
2mxy,
2mz1,
2n0j, 2n0j_0_1_1
2n0q, 2n0q_0_1_1
2n0r, 2n0r_0_3_6
2n1q, 2n1q_0_1_1 2n1q_1_1_1 2n1q_2_2_2 2n1q_3_1_3 2n1q_4_2_2 2n1q_5_4_2
2n21,
2n2d,
2n2o,
2n2p,
2n3m,
2n3o,
2n3q, 2n3q_0_1_2
2n3r, 2n3r_0_1_2
2n4j,
2n4l,
2n4m, 2n4m_0_1_1
2n4y,
2n5o, 2n5o_0_1_1
2n5p,
2n60,
2n6c,
2n6s, 2n6s_0_1_1
2n6t, 2n6t_0_3_2 2n6t_1_3_4
2n6w, 2n6w_0_2_2 2n6w_1_3_2 2n6w_2_3_4
2n6x, 2n6x_0_5_4
2n7c,
2n7m, 2n7m_0_1_1 2n7m_1_5_2
2n7x, 2n7x_0_2_2
2n82,
2n89,
2n8a,
2n8l,
2n8m,
2n8v,
2n96, 2n96_0_3_3
2n9f,
2n9h,
2n9q,
2nbj,
2nbx, 2nbx_0_1_1 2nbx_1_1_2 2nbx_2_3_1 2nbx_3_1_4
2nby, 2nby_0_1_1 2nby_1_1_2
2nbz, 2nbz_0_1_4
2nc0, 2nc0_0_3_1
2nc1, 2nc1_0_3_1
2nci, 2nci_0_6_2
2ncq, 2ncq_0_1_1
2ncr, 2ncr_0_1_1
2neo,
2npw,
2nq0,
2nq1,
2nq4,
2o32, 2o32_0_1_1
2o33, 2o33_0_2_2
2o3m,
2o4y,
2o7w,
2o7x,
2o7y,
2o7z,
2o80,
2o81, 2o81_0_2_2
2o82,
2o83, 2o83_0_2_2
2o8k,
2o9l,
2oeh,
2oey,
2oj7,
2oj8,
2oom,
2p7c,
2p89,
2pcv, 2pcv_0_6_7
2pcw,
2pik,
2pn9,
2qh2,
2qh3,
2qh4,
2rlu,
2rmq,
2rn1,
2ro2,
2rou,
2rp0, 2rp0_0_1_1
2rp1,
2rpd,
2rpe,
2rpf,
2rph,
2rpk,
2rpt, 2rpt_0_1_1
2rqc,
2rqj,
2rra,
2rrc, 2rrc_0_1_1
2rrq,
2rrr,
2rs2,
2rsk,
2rt8, 2rt8_0_2_2
2ru3,
2ru7,
2rvo, 2rvo_0_3_1
2rvp, 2rvp_0_1_1
2stt, 2stt_0_1_1
2stw, 2stw_0_1_1
2tob, 2tob_0_2_2
2tpk,
2u2a,
2v3l,
2vah,
2vai,
2wcc,
2wcn,
2xc7,
2xeb, 2xeb_0_5_2
2xfm,
2y95,
2yh1,
2z2g, 2z2g_0_1_1
2z2h, 2z2h_0_1_1
2z33,
3gat,
3kbd,
3php,
3rec,
484d,
4a4r,
4a4s,
4a4t,
4a4u,
4b8t,
4bs2,
4by9, 4by9_0_6_3 4by9_1_3_6 4by9_2_6_3 4by9_3_3_6
4bzt,
4bzu,
4bzv,
4ch1,
4cio,
4gat,
4kbd,
5a17, 5a17_0_2_2
5a18, 5a18_0_2_2
5b7j,
5b81,
5gat,
5gwl,
5gwq,
5hqf,
5hqq,
5i2v,
5iem, 5iem_0_1_3
5iv1,
5izp,
5j05,
5j0m,
5j1o, 5j1o_0_4_1
5j2w,
5j3f,
5j3g,
5j3i,
5j4p,
5j4w,
5j6u,
5kgv,
5kh8,
5ki4,
5ki5,
5ki7,
5kib,
5kie,
5kif,
5kih,
5kmz,
5kqe,
5l06,
5l2g,
5lig,
5lwj,
5m1l, 5m1l_0_2_2 5m1l_1_2_2 5m1l_2_4_4
5m1w,
5m2l, 5m2l_0_4_4 5m2l_1_4_4
5m4w, 5m4w_0_6_6
5mbr,
5mcr,
5mjx,
5mpg,
5mpl,
5mvb,
5nip, 5nip_0_2_2
5tgg,
5trn,
5u9b,
5uf3,
5uz1,
5uz2,
5uz3,
5uzd,
5uzf,
5uzi, 5uzi_0_1_1
5uzt,
5uzz, 5uzz_0_3_4
5v16,
5v17,
5v2r, 5v2r_0_8_8
5vh7, 5vh7_0_1_1 5vh7_1_1_1 5vh7_2_1_1
5vh8, 5vh8_0_1_1 5vh8_1_1_1 5vh8_2_1_1
5wq1,
6gat,
7gat,
8drh,
8psh,
