pdb,stem
103d, 103d_0_2 103d_1_2 103d_2_2
104d, 104d_0_12
105d,
106d,
107d, 107d_0_7
108d, 108d_0_8
124d, 124d_0_8
132d, 132d_0_12
134d, 134d_0_7
135d, 135d_0_7
136d, 136d_0_7
139d,
140d, 140d_0_13
141d, 141d_0_13
142d, 142d_0_13
143d,
146d, 146d_0_6
148d,
149d, 149d_0_7
156d,
169d, 169d_0_10
170d, 170d_0_12
171d, 171d_0_12
175d, 175d_0_2 175d_1_2 175d_2_2
176d,
177d, 177d_0_7
179d,
17ra, 17ra_0_5 17ra_1_2
185d, 185d_0_6
186d,
193d, 193d_0_8
199d, 199d_0_9
1a1t, 1a1t_0_8
1a3m, 1a3m_0_4 1a3m_1_4
1a4d, 1a4d_0_4 1a4d_1_8
1a4t, 1a4t_0_5
1a51, 1a51_0_4 1a51_1_8
1a60, 1a60_0_5 1a60_1_3 1a60_2_6
1a66, 1a66_0_12
1a6b,
1a6h, 1a6h_0_2 1a6h_1_2
1a83,
1a84, 1a84_0_12
1a8n,
1a8w,
1a9g, 1a9g_0_5 1a9g_1_5
1a9h, 1a9h_0_5 1a9h_1_5
1a9i, 1a9i_0_5 1a9i_1_5
1a9j, 1a9j_0_5 1a9j_1_5
1a9l, 1a9l_0_6 1a9l_1_4 1a9l_2_4
1ac3, 1ac3_0_6 1ac3_1_6
1ac7, 1ac7_0_6
1ac9, 1ac9_0_10
1af1, 1af1_0_11
1aff,
1afx, 1afx_0_4
1afz, 1afz_0_11
1ag3, 1ag3_0_5 1ag3_1_6
1ag5, 1ag5_0_5 1ag5_1_5
1agh, 1agh_0_11
1agk, 1agk_0_11
1ago, 1ago_0_11
1agu, 1agu_0_11
1agz, 1agz_0_11
1ahd, 1ahd_0_14
1ajf, 1ajf_0_7
1ajl, 1ajl_0_2 1ajl_1_4
1ajt, 1ajt_0_2 1ajt_1_4
1aju, 1aju_0_7 1aju_1_4
1akx, 1akx_0_7 1akx_1_4
1al5, 1al5_0_12
1al9, 1al9_0_8
1am0,
1amd, 1amd_0_6
1anr, 1anr_0_5 1anr_1_4
1ao1, 1ao1_0_6
1ao9, 1ao9_0_6
1ap1, 1ap1_0_11
1aqo, 1aqo_0_6 1aqo_1_5
1arj, 1arj_0_5 1arj_1_4
1at4, 1at4_0_6
1ato, 1ato_0_6
1atv, 1atv_0_6
1atw, 1atw_0_5
1au5, 1au5_0_8
1au6, 1au6_0_3 1au6_1_3
1aud, 1aud_0_5 1aud_1_4
1aul, 1aul_0_9
1aw4, 1aw4_0_4 1aw4_1_2
1ax6, 1ax6_0_5 1ax6_1_5
1ax7, 1ax7_0_9
1axl, 1axl_0_5 1axl_1_5
1axo, 1axo_0_10
1axp, 1axp_0_10
1axu, 1axu_0_5 1axu_1_5
1axv, 1axv_0_11
1b0s, 1b0s_0_10
1b36, 1b36_0_5 1b36_1_4
1b3p,
1b4y, 1b4y_0_6
1b5k, 1b5k_0_5 1b5k_1_5
1b60, 1b60_0_5 1b60_1_5
1b69, 1b69_0_13
1b6x, 1b6x_0_5 1b6x_1_5
1b6y, 1b6y_0_5 1b6y_1_5
1bae,
1bau, 1bau_0_6 1bau_1_3 1bau_2_6
1bbx, 1bbx_0_12
1bcb, 1bcb_0_6
1bce, 1bce_0_6
1bdz, 1bdz_0_14
1be5,
1bgz, 1bgz_0_4 1bgz_1_2 1bgz_2_2
1bhr, 1bhr_0_12
1biv, 1biv_0_6 1biv_1_4
1bj2, 1bj2_0_7 1bj2_1_7 1bj2_2_6
1bj6,
1bjd, 1bjd_0_12
1bjh, 1bjh_0_4
1bn0, 1bn0_0_8
1bn9, 1bn9_0_15
1bp8, 1bp8_0_8
1bps, 1bps_0_4 1bps_1_4
1bub,
1buf, 1buf_0_6
1but, 1but_0_8
1bvj, 1bvj_0_5 1bvj_1_3
1bw7, 1bw7_0_5 1bw7_1_6
1bwg, 1bwg_0_14
1bwt, 1bwt_0_10
1bx5, 1bx5_0_3 1bx5_1_4 1bx5_2_3
1byj, 1byj_0_4 1byj_1_4
1byx, 1byx_0_6
1bz2, 1bz2_0_5
1bz3, 1bz3_0_5
1bzt, 1bzt_0_4
1bzu, 1bzu_0_4
1c0o, 1c0o_0_5
1c0y, 1c0y_0_9
1c11,
1c2q, 1c2q_0_5 1c2q_1_4
1c32,
1c34,
1c35,
1c38,
1c4l, 1c4l_0_4 1c4l_1_4
1c7u, 1c7u_0_20
1c95, 1c95_0_6
1cfl, 1cfl_0_5 1cfl_1_4
1cjg, 1cjg_0_22
1co0, 1co0_0_20
1coc, 1coc_0_12
1cp8, 1cp8_0_8
1cq5, 1cq5_0_5 1cq5_1_3 1cq5_2_3
1cql, 1cql_0_6 1cql_1_3 1cql_2_3
1cqo, 1cqo_0_10
1cr3, 1cr3_0_11
1cs2, 1cs2_0_12
1cx3, 1cx3_0_6
1cx5, 1cx5_0_6 1cx5_1_6
1cyz, 1cyz_0_10
1d0t, 1d0t_0_6 1d0t_1_2
1d0u, 1d0u_0_6 1d0u_1_2
1d18, 1d18_0_8
1d19, 1d19_0_8
1d20, 1d20_0_10
1d3x, 1d3x_0_8
1d42, 1d42_0_8
1d68, 1d68_0_10
1d69, 1d69_0_2 1d69_1_2 1d69_2_2
1d6d,
1d6k, 1d6k_0_4 1d6k_1_5
1d70, 1d70_0_8
1d83, 1d83_0_8
1da4, 1da4_0_5 1da4_1_6
1da5, 1da5_0_5 1da5_1_6
1dau, 1dau_0_12
1db6, 1db6_0_6
1ddp, 1ddp_0_4 1ddp_1_4
1dgo, 1dgo_0_7
1dhh, 1dhh_0_9
1djd, 1djd_0_5 1djd_1_5
1dk6, 1dk6_0_4 1dk6_1_4
1dk9, 1dk9_0_9
1dl4, 1dl4_0_5 1dl4_1_5
1drn, 1drn_0_9
1drr, 1drr_0_10
1dsa, 1dsa_0_11
1dsc, 1dsc_0_8
1dsd, 1dsd_0_2 1dsd_1_2 1dsd_2_2
1dsi, 1dsi_0_11
1dsm, 1dsm_0_11
1duf, 1duf_0_12
1dxa, 1dxa_0_4 1dxa_1_4
1dxn, 1dxn_0_12
1dz5, 1dz5_0_5 1dz5_1_4 1dz5_2_5
1e4p, 1e4p_0_4 1e4p_1_3
1e7j, 1e7j_0_6 1e7j_1_5
1e95, 1e95_0_6 1e95_1_6
1ebq, 1ebq_0_4 1ebq_1_6
1ebr, 1ebr_0_4 1ebr_1_2 1ebr_2_4
1ebs, 1ebs_0_4 1ebs_1_6
1ec4, 1ec4_0_4 1ec4_1_4
1ecu, 1ecu_0_8
1eeg,
1eek, 1eek_0_5 1eek_1_6
1efs, 1efs_0_13
1eht, 1eht_0_4 1eht_1_2 1eht_2_3
1ei2, 1ei2_0_6
1ejz, 1ejz_0_8
1eka, 1eka_0_8
1ekd, 1ekd_0_8
1ekh, 1ekh_0_8
1eki, 1eki_0_8
1ekw, 1ekw_0_5 1ekw_1_5 1ekw_2_4
1ekz, 1ekz_0_14
1el2,
1elh, 1elh_0_10
1eln,
1emq,
1en1, 1en1_0_3
1esh, 1esh_0_5
1ess, 1ess_0_4 1ess_1_4
1esy, 1esy_0_4 1esy_1_2
1etf, 1etf_0_6 1etf_1_2 1etf_2_4
1etg, 1etg_0_6 1etg_1_2 1etg_2_4
1eu2, 1eu2_0_2 1eu2_1_2
1eu6, 1eu6_0_2 1eu6_1_2
1evm,
1evn,
1evo,
1ew1,
1exl, 1exl_0_11
1exy, 1exy_0_5 1exy_1_3 1exy_2_4
1ezn, 1ezn_0_7 1ezn_1_4 1ezn_2_4
1f3s,
1f4s, 1f4s_0_10
1f5e, 1f5e_0_10
1f5g, 1f5g_0_3 1f5g_1_2 1f5g_2_3
1f5h, 1f5h_0_3 1f5h_1_2 1f5h_2_3
1f5u, 1f5u_0_7 1f5u_1_2 1f5u_2_7
1f6u, 1f6u_0_4 1f6u_1_2
1f6x, 1f6x_0_5 1f6x_1_6
1f6z, 1f6z_0_6 1f6z_1_5
1f78, 1f78_0_5 1f78_1_6
1f79, 1f79_0_6 1f79_1_5
1f7f, 1f7f_0_5 1f7f_1_6
1f7g, 1f7g_0_6 1f7g_1_5
1f7h, 1f7h_0_4 1f7h_1_6
1f7i, 1f7i_0_5 1f7i_1_5
1f84, 1f84_0_3 1f84_1_3
1f85, 1f85_0_5
1f9l, 1f9l_0_4 1f9l_1_3
1fc8, 1fc8_0_4
1feq, 1feq_0_5
1fhk, 1fhk_0_3
1fj5, 1fj5_0_11
1fja, 1fja_0_6
1fjb, 1fjb_0_11
1fje, 1fje_0_4
1fky, 1fky_0_5 1fky_1_5
1fkz, 1fkz_0_5 1fkz_1_5
1fl8, 1fl8_0_4
1fmn, 1fmn_0_7 1fmn_1_3
1fnx,
1fqp,
1fqz, 1fqz_0_3 1fqz_1_3
1fv7, 1fv7_0_10
1fv8, 1fv8_0_4
1fyi, 1fyi_0_5 1fyi_1_5
1fyo, 1fyo_0_4 1fyo_1_4
1fyp, 1fyp_0_4 1fyp_1_4
1fyy, 1fyy_0_12
1fzl, 1fzl_0_8 1fzl_1_4
1fzs, 1fzs_0_8
1fzx, 1fzx_0_12
1g14, 1g14_0_12
1g1n, 1g1n_0_5 1g1n_1_5
1g22,
1g3a, 1g3a_0_6
1g4d, 1g4d_0_16
1g5d, 1g5d_0_6 1g5d_1_6
1g5e, 1g5e_0_6 1g5e_1_6
1g5k, 1g5k_0_6 1g5k_1_6
1g5l, 1g5l_0_6 1g5l_1_6
1g70, 1g70_0_6 1g70_1_2 1g70_2_3
1g7z, 1g7z_0_8
1g80, 1g80_0_8
1gat, 1gat_0_8
1gau, 1gau_0_8
1gcc, 1gcc_0_11
1gip, 1gip_0_12
1giz, 1giz_0_6 1giz_1_6
1gj0, 1gj0_0_6 1gj0_1_6
1gj1, 1gj1_0_6 1gj1_1_6
1gj2, 1gj2_0_6 1gj2_1_6
1gn7, 1gn7_0_8
1gtc, 1gtc_0_8
1guc, 1guc_0_8
1gv6, 1gv6_0_10
1h0q, 1h0q_0_9
1hg9, 1hg9_0_9
1hhw, 1hhw_0_9
1hhx, 1hhx_0_9
1hji, 1hji_0_5
1hlx, 1hlx_0_8
1hm1, 1hm1_0_4 1hm1_1_5
1ho6, 1ho6_0_4
1hoq, 1hoq_0_4
1hry, 1hry_0_8
1hrz, 1hrz_0_8
1hs1, 1hs1_0_3
1hs2, 1hs2_0_3
1hs3, 1hs3_0_3
1hs4, 1hs4_0_3
1hs8, 1hs8_0_3
1ht4, 1ht4_0_5 1ht4_1_6
1ht7, 1ht7_0_6 1ht7_1_5
1hvn,
1hvo,
1hwq, 1hwq_0_5 1hwq_1_4
1hwv, 1hwv_0_11
1hx4, 1hx4_0_11
1hz0, 1hz0_0_5 1hz0_1_5
1hz2,
1i34,
1i3x, 1i3x_0_7
1i3y, 1i3y_0_7
1i46, 1i46_0_5
1i4b, 1i4b_0_5
1i4c, 1i4c_0_5
1i5v, 1i5v_0_5
1i7v, 1i7v_0_11
1i9f, 1i9f_0_6 1i9f_1_2 1i9f_2_4
1i9k,
1idv, 1idv_0_3
1idx, 1idx_0_7
1ie1, 1ie1_0_4
1ie2, 1ie2_0_4 1ie2_1_2
1iek, 1iek_0_10
1iey, 1iey_0_10
1ig4, 1ig4_0_12
1ii1, 1ii1_0_7
1ik1, 1ik1_0_5
1ikd, 1ikd_0_7
1ir5, 1ir5_0_15
1iv6, 1iv6_0_13
1j46, 1j46_0_14
1j47, 1j47_0_14
1j4w,
1j4y, 1j4y_0_6
1j5k,
1j5n, 1j5n_0_15
1j9n, 1j9n_0_6
1jdg, 1jdg_0_5 1jdg_1_5
1jhi, 1jhi_0_6
1jjp,
1jo1, 1jo1_0_12
1jo7, 1jo7_0_2 1jo7_1_4 1jo7_2_3
1jox, 1jox_0_5 1jox_1_2
1jp0, 1jp0_0_5 1jp0_1_2
1jrv, 1jrv_0_6 1jrv_1_6
1jrw, 1jrw_0_5 1jrw_1_6
1js5, 1js5_0_6 1js5_1_5
1js7, 1js7_0_6 1js7_1_5
1jtj, 1jtj_0_7
1jtw, 1jtw_0_5
1ju0, 1ju0_0_7 1ju0_1_4 1ju0_2_7
1ju1, 1ju1_0_7 1ju1_1_6 1ju1_2_7
1ju7, 1ju7_0_6
1jua, 1jua_0_7 1jua_1_6 1jua_2_7
1jur, 1jur_0_3 1jur_1_5
1juu,
1jvc,
1jve, 1jve_0_12
1jwc, 1jwc_0_6
1jzc, 1jzc_0_5
1k1g,
1k1h, 1k1h_0_7
1k1r, 1k1r_0_7
1k29, 1k29_0_5 1k29_1_6
1k2g, 1k2g_0_3 1k2g_1_2
1k2j, 1k2j_0_6
1k2k, 1k2k_0_6
1k4a, 1k4a_0_5
1k4b, 1k4b_0_5
1k4x,
1k5e, 1k5e_0_11
1k5f, 1k5f_0_11
1k5i, 1k5i_0_9
1k6g, 1k6g_0_9
1k6h, 1k6h_0_9
1k8j, 1k8j_0_14
1k8l, 1k8l_0_14
1k8n, 1k8n_0_14
1k8s, 1k8s_0_5 1k8s_1_7
1k9h, 1k9h_0_14
1k9l, 1k9l_0_14
1kaj, 1kaj_0_5 1kaj_1_4
1kb1, 1kb1_0_11
1kbd, 1kbd_0_16
1kbm, 1kbm_0_11
1kis, 1kis_0_5 1kis_1_2 1kis_2_4 1kis_3_5
1kka, 1kka_0_6
1kks, 1kks_0_6
1kkv, 1kkv_0_10
1kkw, 1kkw_0_10
1koc, 1koc_0_2 1koc_1_2
1kod, 1kod_0_2 1kod_1_2 1kod_2_2
1kos, 1kos_0_5
1kp7, 1kp7_0_4 1kp7_1_2 1kp7_2_3
1kpd, 1kpd_0_5 1kpd_1_5
1kpy, 1kpy_0_5 1kpy_1_3
1kpz, 1kpz_0_5 1kpz_1_3
1kqq, 1kqq_0_15
1kr8, 1kr8_0_2
1ksb, 1ksb_0_9
1kse, 1kse_0_4
1kvh, 1kvh_0_5 1kvh_1_3
1kxs, 1kxs_0_7 1kxs_1_6
1l0r, 1l0r_0_2 1l0r_1_2
1l1c, 1l1c_0_2 1l1c_1_4 1l1c_2_4
1l1m, 1l1m_0_23
1l1v,
1l1w, 1l1w_0_4 1l1w_1_6
1l3m, 1l3m_0_12
1la8, 1la8_0_5
1lae, 1lae_0_5
1lai, 1lai_0_13
1laq, 1laq_0_6 1laq_1_6
1las, 1las_0_6 1las_1_6
1lc6, 1lc6_0_5 1lc6_1_3
1lcc, 1lcc_0_11
1lcd, 1lcd_0_11
1ldz, 1ldz_0_5 1ldz_1_5
1lej, 1lej_0_13
1lfu, 1lfu_0_12
1lmv, 1lmv_0_5 1lmv_1_4
1lo1, 1lo1_0_13
1lpw, 1lpw_0_4 1lpw_1_4
1luh, 1luh_0_8
1luu, 1luu_0_5
1lux, 1lux_0_5
1lvj, 1lvj_0_7 1lvj_1_4
1lvs,
1lwa, 1lwa_0_15
1m5l, 1m5l_0_4 1m5l_1_4 1m5l_2_4
1m6a,
1m82, 1m82_0_6 1m82_1_4
1me0, 1me0_0_4
1me1, 1me1_0_4
1mfj, 1mfj_0_7
1mfk, 1mfk_0_6 1mfk_1_3
1mfy, 1mfy_0_4 1mfy_1_4
1mis, 1mis_0_3 1mis_1_3
1mk6, 1mk6_0_5 1mk6_1_4
1mkl, 1mkl_0_10
1mnb, 1mnb_0_6 1mnb_1_4
1mnx, 1mnx_0_4 1mnx_1_8
1mp7, 1mp7_0_2
1mse, 1mse_0_11
1msf, 1msf_0_11
1mt4, 1mt4_0_8
1mtg, 1mtg_0_6
1muv, 1muv_0_3 1muv_1_3
1mv1, 1mv1_0_3 1mv1_1_3
1mv2, 1mv2_0_3 1mv2_1_3
1mv6, 1mv6_0_3 1mv6_1_3
1mwg, 1mwg_0_3 1mwg_1_3
1mxj, 1mxj_0_11
1mxk, 1mxk_0_10
1my9,
1myq,
1n0k, 1n0k_0_5 1n0k_1_6
1n0o, 1n0o_0_6 1n0o_1_6
1n14, 1n14_0_13
1n17, 1n17_0_13
1n1k, 1n1k_0_6
1n1n, 1n1n_0_4 1n1n_1_5
1n2w, 1n2w_0_3 1n2w_1_4 1n2w_2_3
1n37, 1n37_0_7
1n4b, 1n4b_0_3 1n4b_1_3
1n53, 1n53_0_4 1n53_1_4
1n66, 1n66_0_4 1n66_1_3
1n8c, 1n8c_0_11
1n8x, 1n8x_0_7 1n8x_1_7
1n96, 1n96_0_2 1n96_1_2
1na2, 1na2_0_6 1na2_1_2
1naj, 1naj_0_12
1nao, 1nao_0_9
1nbk, 1nbk_0_6 1nbk_1_4 1nbk_2_3
1nbr, 1nbr_0_6 1nbr_1_5
1nc0, 1nc0_0_6 1nc0_1_2
1nem, 1nem_0_9
1nev, 1nev_0_10
1ngo, 1ngo_0_11
1ngu, 1ngu_0_4 1ngu_1_5
1nk2, 1nk2_0_15
1nk3, 1nk3_0_14
1noq, 1noq_0_2 1noq_1_2
1np5,
1np9,
1ntq, 1ntq_0_7
1nts, 1nts_0_2
1ntt, 1ntt_0_2
1nxr, 1nxr_0_8
1nyb, 1nyb_0_9
1nyd, 1nyd_0_2 1nyd_1_2
1nz1, 1nz1_0_5 1nz1_1_3
1nzm,
1o15, 1o15_0_4 1o15_1_2 1o15_2_3
1o4x, 1o4x_0_19
1oci, 1oci_0_9
1oka, 1oka_0_9
1okf, 1okf_0_9
1old, 1old_0_7
1on5, 1on5_0_6
1onm, 1onm_0_5 1onm_1_5
1oo7, 1oo7_0_3 1oo7_1_2
1opq, 1opq_0_12
1oq0, 1oq0_0_6
1oq2, 1oq2_0_6 1oq2_1_5
1osl, 1osl_0_18
1osr, 1osr_0_4 1osr_1_5
1osw, 1osw_0_4 1osw_1_3
1ovf, 1ovf_0_4
1ow9, 1ow9_0_4 1ow9_1_3
1oz8,
1p0u, 1p0u_0_5
1p3x, 1p3x_0_8
1p5m, 1p5m_0_5 1p5m_1_4 1p5m_2_4 1p5m_3_3 1p5m_4_2
1p5n, 1p5n_0_4 1p5n_1_5
1p5o, 1p5o_0_5 1p5o_1_4 1p5o_2_4 1p5o_3_3 1p5o_4_2 1p5o_5_5
1p5p, 1p5p_0_5 1p5p_1_4 1p5p_2_4 1p5p_3_3 1p5p_4_2 1p5p_5_5
1p96, 1p96_0_6 1p96_1_6
1pbl, 1pbl_0_6
1pbm, 1pbm_0_6
1pbr, 1pbr_0_4 1pbr_1_4
1pdt,
1pg9, 1pg9_0_12
1pgc, 1pgc_0_12
1pib, 1pib_0_10
1pik, 1pik_0_8
1pjy, 1pjy_0_9
1pqq, 1pqq_0_11
1pqt, 1pqt_0_2
1pyj, 1pyj_0_11
1q2t,
1q75, 1q75_0_5
1q8n, 1q8n_0_6 1q8n_1_2 1q8n_2_5
1qby, 1qby_0_11
1qc8, 1qc8_0_6
1qch, 1qch_0_6
1qd3, 1qd3_0_6 1qd3_1_4
1qdf,
1qdh,
1qdi,
1qdk,
1qe7, 1qe7_0_7
1qes, 1qes_0_8
1qet, 1qet_0_8
1qfq, 1qfq_0_5
1qkg, 1qkg_0_5 1qkg_1_4
1ql5, 1ql5_0_5 1ql5_1_4
1qms, 1qms_0_12
1qsk, 1qsk_0_5 1qsk_1_5
1qsx, 1qsx_0_12
1qwa, 1qwa_0_6 1qwa_1_2
1qwb, 1qwb_0_6
1qxb, 1qxb_0_4 1qxb_1_4 1qxb_2_4
1r2l,
1r2p, 1r2p_0_7 1r2p_1_5
1r3x, 1r3x_0_8
1r4d, 1r4d_0_10
1r4e, 1r4e_0_6 1r4e_1_6
1r4h, 1r4h_0_3
1r7w, 1r7w_0_7 1r7w_1_5
1r7z, 1r7z_0_7 1r7z_1_5
1rau,
1raw, 1raw_0_6 1raw_1_4
1rcs, 1rcs_0_20
1rde,
1rfr, 1rfr_0_5 1rfr_1_5
1rgo,
1rht, 1rht_0_6 1rht_1_2
1rkj, 1rkj_0_6
1rme,
1rmx, 1rmx_0_10
1rn9, 1rn9_0_10
1rng, 1rng_0_5
1rnk, 1rnk_0_5 1rnk_1_6
1roq, 1roq_0_5
1rrd, 1rrd_0_10
1rrr, 1rrr_0_10
1rvh, 1rvh_0_12
1rvi, 1rvi_0_12
1s0t, 1s0t_0_4 1s0t_1_5
1s2f, 1s2f_0_6 1s2f_1_3
1s34, 1s34_0_6 1s34_1_3
1s37, 1s37_0_5 1s37_1_5
1s40,
1s74, 1s74_0_4 1s74_1_5
1s75, 1s75_0_4 1s75_1_5
1s88, 1s88_0_6 1s88_1_6
1s9l,
1s9n, 1s9n_0_5 1s9n_1_5
1s9o, 1s9o_0_5 1s9o_1_5
1s9s, 1s9s_0_4 1s9s_1_6 1s9s_2_4 1s9s_3_3 1s9s_4_4 1s9s_5_5 1s9s_6_10
1saa, 1saa_0_16
1scl, 1scl_0_6
1sjk, 1sjk_0_5 1sjk_1_6
1sjl, 1sjl_0_5 1sjl_1_6
1skp, 1skp_0_11
1slo, 1slo_0_5 1slo_1_2
1slp, 1slp_0_5 1slp_1_2
1sls, 1sls_0_4 1sls_1_6 1sls_2_6 1sls_3_4
1snh, 1snh_0_10
1snj, 1snj_0_7 1snj_1_4 1snj_2_4
1sp6, 1sp6_0_4 1sp6_1_5
1ss7, 1ss7_0_16
1ssj, 1ssj_0_4 1ssj_1_5
1ssv, 1ssv_0_16
1sy4, 1sy4_0_5 1sy4_1_3
1sy8, 1sy8_0_6
1syz, 1syz_0_5 1syz_1_3
1szy, 1szy_0_7
1t28, 1t28_0_9
1t2r,
1t2s,
1t4l, 1t4l_0_14
1t4x, 1t4x_0_6
1tan, 1tan_0_4 1tan_1_4
1tbk, 1tbk_0_6
1tf3, 1tf3_0_15
1tfn, 1tfn_0_5 1tfn_1_2
1tjz, 1tjz_0_3 1tjz_1_4
1tlr, 1tlr_0_4 1tlr_1_3
1tn9, 1tn9_0_13
1tne, 1tne_0_6
1tob, 1tob_0_8 1tob_1_2
1tqr, 1tqr_0_17
1ttd, 1ttd_0_8 1ttd_1_3
1tuq, 1tuq_0_3 1tuq_1_4 1tuq_2_3
1tut, 1tut_0_4 1tut_1_5
1txs, 1txs_0_4 1txs_1_4 1txs_2_5
1u01, 1u01_0_7
1u2a, 1u2a_0_7
1u3k, 1u3k_0_6 1u3k_1_4 1u3k_2_4
1u64,
1u6c, 1u6c_0_11
1u6n, 1u6n_0_5 1u6n_1_5
1u6o, 1u6o_0_5 1u6o_1_2 1u6o_2_3
1u6p, 1u6p_0_4 1u6p_1_6 1u6p_2_4 1u6p_3_3 1u6p_4_4 1u6p_5_5 1u6p_6_10
1uab, 1uab_0_12
1ull, 1ull_0_4 1ull_1_3 1ull_2_4
1uqa, 1uqa_0_6
1uqb, 1uqb_0_6
1uqc, 1uqc_0_6
1uqd, 1uqd_0_6
1uqe, 1uqe_0_6
1uqf, 1uqf_0_6
1uqg, 1uqg_0_6
1uts, 1uts_0_6 1uts_1_4
1uud, 1uud_0_6 1uud_1_4
1uui, 1uui_0_6 1uui_1_4
1uuu, 1uuu_0_6
1vfc, 1vfc_0_13
1vop, 1vop_0_4
1w86, 1w86_0_8
1wan, 1wan_0_8
1wks, 1wks_0_6
1wtb,
1wts, 1wts_0_5
1wtt, 1wtt_0_5
1wwd,
1wwe,
1wwf,
1wwg,
1x0f,
1x26, 1x26_0_4 1x26_1_4
1x2o, 1x2o_0_12
1x2s, 1x2s_0_12
1x2u, 1x2u_0_12
1x2v, 1x2v_0_12
1x2x, 1x2x_0_12
1x2y, 1x2y_0_12
1x2z, 1x2z_0_12
1x30, 1x30_0_12
1x6w, 1x6w_0_6
1x95, 1x95_0_6
1xav,
1xce, 1xce_0_2 1xce_1_2
1xci, 1xci_0_5 1xci_1_5
1xcy, 1xcy_0_5 1xcy_1_5
1xcz, 1xcz_0_5 1xcz_1_5
1xhp, 1xhp_0_4 1xhp_1_4 1xhp_2_3
1xrw, 1xrw_0_8
1xs9, 1xs9_0_20
1xsg, 1xsg_0_5 1xsg_1_6
1xsh, 1xsh_0_6 1xsh_1_5
1xst, 1xst_0_5 1xst_1_6
1xsu, 1xsu_0_6 1xsu_1_5
1xue, 1xue_0_2 1xue_1_2
1xv0, 1xv0_0_3 1xv0_1_3
1xv6,
1xwp, 1xwp_0_4
1xwu, 1xwu_0_4
1y8d,
1y9h, 1y9h_0_5 1y9h_1_5
1ybl,
1ybn,
1ybr,
1yct, 1yct_0_6 1yct_1_5
1ycw, 1ycw_0_5 1ycw_1_6
1yfv, 1yfv_0_3 1yfv_1_3
1yg3, 1yg3_0_5 1yg3_1_3
1yg4, 1yg4_0_5 1yg4_1_3
1ylg, 1ylg_0_6 1ylg_1_4
1ymo, 1ymo_0_6 1ymo_1_9
1yn1, 1yn1_0_6
1yn2, 1yn2_0_6
1ync, 1ync_0_6 1ync_1_4
1yne, 1yne_0_6 1yne_1_4
1yng, 1yng_0_5 1yng_1_4
1ysv, 1ysv_0_11
1yui, 1yui_0_11
1yuj, 1yuj_0_11
1z2j, 1z2j_0_8 1z2j_1_11
1z30, 1z30_0_7
1z31, 1z31_0_5 1z31_1_3 1z31_2_3
1zbn, 1zbn_0_6 1zbn_1_4
1zc5, 1zc5_0_6 1zc5_1_11
1zgw, 1zgw_0_18
1zhu, 1zhu_0_2
1zif, 1zif_0_4
1zig, 1zig_0_4
1zih, 1zih_0_4
1zq3, 1zq3_0_13
1zyf, 1zyf_0_12
1zyg, 1zyg_0_12
1zyh, 1zyh_0_12
201d,
202d, 202d_0_8
203d, 203d_0_8
204d, 204d_0_8
207d, 207d_0_10
214d, 214d_0_11
219d, 219d_0_10
225d,
226d, 226d_0_10
229d, 229d_0_5
230d,
28sp, 28sp_0_5 28sp_1_3
28sr, 28sr_0_5 28sr_1_3
2a5p,
2a5r,
2a9l, 2a9l_0_6 2a9l_1_4 2a9l_2_4
2a9x, 2a9x_0_6 2a9x_1_4
2ad9,
2adb,
2adc,
2adt, 2adt_0_5 2adt_1_12 2adt_2_5 2adt_3_12
2aht, 2aht_0_6 2aht_1_4
2akg,
2ap0, 2ap0_0_5 2ap0_1_3
2ap5, 2ap5_0_5 2ap5_1_3
2aqy,
2arg, 2arg_0_6 2arg_1_2
2au4, 2au4_0_6 2au4_1_4
2awq, 2awq_0_2
2awv,
2b6g, 2b6g_0_7
2b7g, 2b7g_0_7
2bj2, 2bj2_0_7 2bj2_1_7 2bj2_2_6
2bjc, 2bjc_0_22
2bq2, 2bq2_0_4
2c06,
2cd1, 2cd1_0_5 2cd1_1_6
2cd3, 2cd3_0_6 2cd3_1_5
2cd5, 2cd5_0_5 2cd5_1_6
2cd6, 2cd6_0_6 2cd6_1_5
2chj,
2chk,
2cjk,
2d17, 2d17_0_7 2d17_1_6
2d18, 2d18_0_4 2d18_1_6 2d18_2_4
2d19, 2d19_0_4 2d19_1_6 2d19_2_4
2d1a, 2d1a_0_6 2d1a_1_7 2d1a_2_6 2d1a_3_7 2d1a_4_6
2d1b, 2d1b_0_6 2d1b_1_7 2d1b_2_6 2d1b_3_6 2d1b_4_7
2da8, 2da8_0_6
2dau, 2dau_0_12
2dd1, 2dd1_0_3 2dd1_1_3
2dd2, 2dd2_0_3 2dd2_1_3
2dd3, 2dd3_0_3 2dd3_1_3
2e4i,
2err,
2es5, 2es5_0_9
2ese, 2ese_0_9
2euy, 2euy_0_6 2euy_1_4
2evy, 2evy_0_4
2exf, 2exf_0_3
2ezd, 2ezd_0_12
2eze, 2eze_0_12
2ezf, 2ezf_0_12
2ezg, 2ezg_0_12
2f1q, 2f1q_0_8 2f1q_1_3 2f1q_2_3 2f1q_3_4
2f4x, 2f4x_0_7 2f4x_1_6 2f4x_2_7
2f87, 2f87_0_4
2f88, 2f88_0_8 2f88_1_5
2f8u,
2fdt, 2fdt_0_7 2fdt_1_6
2fey, 2fey_0_5 2fey_1_3 2fey_2_4
2ff0, 2ff0_0_15
2fy1, 2fy1_0_8
2g1g, 2g1g_0_5
2g1w, 2g1w_0_4 2g1w_1_3
2gat, 2gat_0_16
2gbh, 2gbh_0_8
2ge2, 2ge2_0_11
2gio, 2gio_0_5 2gio_1_3
2gip, 2gip_0_5 2gip_1_5
2gkd, 2gkd_0_11
2gku,
2glo, 2glo_0_12
2gm0, 2gm0_0_4 2gm0_1_7 2gm0_2_6 2gm0_3_7 2gm0_4_4
2grw, 2grw_0_4 2grw_1_4
2gv3, 2gv3_0_7
2gv4, 2gv4_0_5 2gv4_1_3
2gvo, 2gvo_0_6
2gzk, 2gzk_0_16
2h3a, 2h3a_0_12
2h3c, 2h3c_0_12
2h49, 2h49_0_3 2h49_1_3
2hdc, 2hdc_0_17
2hem, 2hem_0_3 2hem_1_5
2hgh, 2hgh_0_4 2hgh_1_2 2hgh_2_7 2hgh_3_2
2hk4, 2hk4_0_2 2hk4_1_2
2hkb, 2hkb_0_12
2hkc, 2hkc_0_6 2hkc_1_5
2hli, 2hli_0_12
2hmd, 2hmd_0_12
2hmr, 2hmr_0_12
2hns, 2hns_0_9
2hou, 2hou_0_6 2hou_1_6
2hpx, 2hpx_0_6 2hpx_1_6
2hsk, 2hsk_0_6 2hsk_1_6
2hsl, 2hsl_0_6 2hsl_1_6
2hsr, 2hsr_0_6 2hsr_1_6
2hss, 2hss_0_6 2hss_1_6
2hua, 2hua_0_7 2hua_1_2 2hua_2_2
2hy9,
2i2y,
2i7e, 2i7e_0_5 2i7e_1_12 2i7e_2_4 2i7e_3_12
2i7z, 2i7z_0_5 2i7z_1_12 2i7z_2_5 2i7z_3_12
2icz,
2idn,
2ihx, 2ihx_0_8 2ihx_1_4 2ihx_2_5 2ihx_3_4 2ihx_4_3
2irn, 2irn_0_3 2irn_1_3
2iro, 2iro_0_2 2iro_1_2
2ixy, 2ixy_0_4 2ixy_1_6
2ixz,
2jp9, 2jp9_0_17
2jpa, 2jpa_0_14
2jpp, 2jpp_0_7 2jpp_1_7
2jpz,
2jq7, 2jq7_0_5 2jq7_1_3 2jq7_2_3 2jq7_3_2
2jr4, 2jr4_0_5
2jrg, 2jrg_0_5
2jrq, 2jrq_0_5
2jse, 2jse_0_4 2jse_1_3
2jsg, 2jsg_0_5
2jsk,
2jsl,
2jsm,
2jsq,
2jt7,
2jtp, 2jtp_0_11 2jtp_1_2
2juk, 2juk_0_9
2jwq,
2jwv, 2jwv_0_5 2jwv_1_4
2jx1, 2jx1_0_13
2jxi, 2jxi_0_10 2jxi_1_3
2jxq, 2jxq_0_10
2jxs, 2jxs_0_4 2jxs_1_6
2jxv, 2jxv_0_8 2jxv_1_4
2jyf, 2jyf_0_5 2jyf_1_12 2jyf_2_5 2jyf_3_12
2jyh, 2jyh_0_5 2jyh_1_12 2jyh_2_5 2jyh_3_12
2jyj, 2jyj_0_5 2jyj_1_12 2jyj_2_5 2jyj_3_12
2jyk, 2jyk_0_21
2jym, 2jym_0_5 2jym_1_3
2jzw, 2jzw_0_3
2k0t, 2k0t_0_12
2k0u, 2k0u_0_12
2k0v, 2k0v_0_12
2k1n, 2k1n_0_25
2k1y, 2k1y_0_5 2k1y_1_5
2k3z, 2k3z_0_4 2k3z_1_4
2k41, 2k41_0_4 2k41_1_4
2k4l, 2k4l_0_14
2k5z, 2k5z_0_4 2k5z_1_5 2k5z_2_2
2k65, 2k65_0_7
2k66, 2k66_0_9
2k67, 2k67_0_7
2k68, 2k68_0_7
2k69, 2k69_0_7
2k71, 2k71_0_2
2k7e, 2k7e_0_4 2k7e_1_6
2k7f, 2k7f_0_10
2k8t, 2k8t_0_12
2k8u, 2k8u_0_12
2k8z, 2k8z_0_2 2k8z_1_2
2k90, 2k90_0_2 2k90_1_2
2k95, 2k95_0_6 2k95_1_6 2k95_2_3
2k96, 2k96_0_6 2k96_1_9
2k97, 2k97_0_2 2k97_1_2
2kae, 2kae_0_20
2kal, 2kal_0_8 2kal_1_3
2kar, 2kar_0_6 2kar_1_5
2kas, 2kas_0_6 2kas_1_4
2kaz, 2kaz_0_2
2kbd, 2kbd_0_16
2kbp,
2kd4,
2kd8, 2kd8_0_9
2kd9, 2kd9_0_5 2kd9_1_5
2kda, 2kda_0_5 2kda_1_5
2kdq, 2kdq_0_6 2kdq_1_4
2kdz, 2kdz_0_16
2ke6, 2ke6_0_9 2ke6_1_3 2ke6_2_7
2ke8, 2ke8_0_7 2ke8_1_7
2kei, 2kei_0_23
2kej, 2kej_0_23
2kek, 2kek_0_23
2kez, 2kez_0_5 2kez_1_3
2kf0, 2kf0_0_5 2kf0_1_3
2kf7,
2kf8,
2kfy,
2kg0,
2kg1,
2kgp, 2kgp_0_3 2kgp_1_6
2kh0, 2kh0_0_6 2kh0_1_6
2kh1, 2kh1_0_6 2kh1_1_6
2kh3, 2kh3_0_4 2kh3_1_5
2kh4,
2kh5, 2kh5_0_12
2kh6, 2kh6_0_12
2kh7, 2kh7_0_12
2kh8, 2kh8_0_12
2kh9,
2khy, 2khy_0_4 2khy_1_4
2kk5, 2kk5_0_4
2kka,
2kkf, 2kkf_0_12
2kkk,
2km3,
2km8,
2kmj, 2kmj_0_7 2kmj_1_4
2kmk, 2kmk_0_16
2kn7,
2knk, 2knk_0_8
2knl, 2knl_0_8
2ko0, 2ko0_0_16
2koc, 2koc_0_5
2kow,
2kp3, 2kp3_0_10
2kp4, 2kp4_0_10
2kpc, 2kpc_0_6
2kpd, 2kpd_0_5
2kpr,
2kpv, 2kpv_0_4 2kpv_1_4 2kpv_2_4
2kqg,
2kqh,
2krp, 2krp_0_5
2krq, 2krq_0_5
2krv, 2krv_0_5
2krw, 2krw_0_5
2kry, 2kry_0_4
2krz, 2krz_0_4
2ktp, 2ktp_0_5 2ktp_1_6
2ktt, 2ktt_0_10
2ktz, 2ktz_0_5 2ktz_1_4 2ktz_2_2
2ku0, 2ku0_0_5 2ku0_1_4 2ku0_2_2
2kur, 2kur_0_9 2kur_1_3 2kur_2_7
2kuu, 2kuu_0_9 2kuu_1_3 2kuu_2_7
2kuv, 2kuv_0_9 2kuv_1_3 2kuv_2_7
2kuw, 2kuw_0_9 2kuw_1_2 2kuw_2_7
2kuz, 2kuz_0_13
2kv0, 2kv0_0_6 2kv0_1_6
2kv6, 2kv6_0_12
2kvn, 2kvn_0_5
2kvy,
2kwg, 2kwg_0_19
2kx5, 2kx5_0_6 2kx5_1_4
2kx8, 2kx8_0_6 2kx8_1_5 2kx8_2_5
2kxm, 2kxm_0_5 2kxm_1_2
2kxn,
2kxz, 2kxz_0_4 2kxz_1_4
2ky0, 2ky0_0_4 2ky0_1_4
2ky1, 2ky1_0_4 2ky1_1_4
2ky2, 2ky2_0_3 2ky2_1_3
2ky7, 2ky7_0_10
2ky8, 2ky8_0_2 2ky8_1_6
2kyd, 2kyd_0_16
2kye,
2kyo,
2kyp,
2kzd,
2kze,
2kzl, 2kzl_0_6 2kzl_1_4 2kzl_2_4
2l13, 2l13_0_6
2l1f, 2l1f_0_4 2l1f_1_3 2l1f_2_4 2l1f_3_5 2l1f_4_2 2l1f_5_7 2l1f_6_2 2l1f_7_4 2l1f_8_3 2l1f_9_4 2l1f_10_5 2l1f_11_8
2l1g, 2l1g_0_16
2l1v, 2l1v_0_5 2l1v_1_3
2l2j, 2l2j_0_4 2l2j_1_9 2l2j_2_4
2l2k, 2l2k_0_4 2l2k_1_9 2l2k_2_4
2l2u, 2l2u_0_5 2l2u_1_2 2l2u_2_5
2l2v, 2l2v_0_5 2l2v_1_2 2l2v_2_5
2l3c, 2l3c_0_4 2l3c_1_10
2l3e, 2l3e_0_7 2l3e_1_6
2l3j, 2l3j_0_7 2l3j_1_9 2l3j_2_3 2l3j_3_11
2l41,
2l45,
2l46,
2l4l,
2l5d,
2l5k, 2l5k_0_3 2l5k_1_4
2l5z, 2l5z_0_6 2l5z_1_3
2l6i, 2l6i_0_5
2l7d, 2l7d_0_12
2l7v,
2l88,
2l8c, 2l8c_0_4 2l8c_1_4
2l8f, 2l8f_0_3 2l8f_1_3
2l8h, 2l8h_0_6 2l8h_1_4
2l8i, 2l8i_0_7 2l8i_1_5
2l8p, 2l8p_0_12
2l8q, 2l8q_0_12
2l8u, 2l8u_0_4 2l8u_1_4
2l8w, 2l8w_0_4 2l8w_1_4
2l94, 2l94_0_8 2l94_1_11
2l9e, 2l9e_0_5
2la5, 2la5_0_5 2la5_1_2
2la9, 2la9_0_4
2lac, 2lac_0_5
2lar, 2lar_0_9
2lb4, 2lb4_0_9
2lbi, 2lbi_0_12
2lbj, 2lbj_0_7
2lbk, 2lbk_0_6
2lbl, 2lbl_0_5
2lbq, 2lbq_0_5
2lbr, 2lbr_0_4
2lbs, 2lbs_0_14
2lby,
2lc8, 2lc8_0_3 2lc8_1_4 2lc8_2_4 2lc8_3_7
2ld5, 2ld5_0_11
2ld8,
2ldl, 2ldl_0_6 2ldl_1_3
2ldt, 2ldt_0_7 2ldt_1_4
2ldz, 2ldz_0_5 2ldz_1_5
2le6,
2leb,
2lec,
2led,
2lee,
2lef, 2lef_0_15
2lex, 2lex_0_10
2lfa, 2lfa_0_12
2lfx, 2lfx_0_12
2lfy, 2lfy_0_4 2lfy_1_7
2lg0, 2lg0_0_12
2lg2, 2lg2_0_12
2lg3, 2lg3_0_6 2lg3_1_5
2lgm, 2lgm_0_5 2lgm_1_5
2lho, 2lho_0_6 2lho_1_5
2lhp, 2lhp_0_9 2lhp_1_6
2li4, 2li4_0_14
2li8,
2lia, 2lia_0_12
2lib, 2lib_0_4 2lib_1_5
2ljj, 2ljj_0_4 2ljj_1_5
2lk3, 2lk3_0_4 2lk3_1_5
2lk7,
2lkr, 2lkr_0_3 2lkr_1_4 2lkr_2_5 2lkr_3_3 2lkr_4_4 2lkr_5_3 2lkr_6_12
2lkx, 2lkx_0_13
2ll9, 2ll9_0_5 2ll9_1_5
2llj, 2llj_0_5 2llj_1_5
2lo5, 2lo5_0_3
2lo8, 2lo8_0_2
2loa, 2loa_0_2
2lod,
2lp9, 2lp9_0_5
2lpa, 2lpa_0_6
2lps, 2lps_0_8 2lps_1_6
2lpt, 2lpt_0_8 2lpt_1_5
2lpw,
2lqz, 2lqz_0_5 2lqz_1_4
2lsc, 2lsc_0_12
2lsf, 2lsf_0_11
2lsx,
2lsz, 2lsz_0_5 2lsz_1_5
2lt0, 2lt0_0_5 2lt0_1_5
2lt7, 2lt7_0_19
2ltt,
2lu0, 2lu0_0_5 2lu0_1_4 2lu0_2_2 2lu0_3_5
2lub, 2lub_0_9 2lub_1_6
2luj,
2lun, 2lun_0_4 2lun_1_4
2lup, 2lup_0_14
2lv0, 2lv0_0_8
2lvy, 2lvy_0_8
2lwg, 2lwg_0_10
2lwh, 2lwh_0_10
2lwk, 2lwk_0_7 2lwk_1_3
2lwm, 2lwm_0_5 2lwm_1_5
2lwn, 2lwn_0_5 2lwn_1_5
2lwo, 2lwo_0_5 2lwo_1_5
2lx1, 2lx1_0_3 2lx1_1_3
2lxq,
2lxv,
2lyg,
2lzk, 2lzk_0_5 2lzk_1_5
2lzv, 2lzv_0_5 2lzv_1_5
2lzw, 2lzw_0_5 2lzw_1_5
2m11, 2m11_0_3 2m11_1_4 2m11_2_3
2m12, 2m12_0_6
2m18,
2m1g,
2m1o, 2m1o_0_6
2m1v, 2m1v_0_9 2m1v_1_7
2m21, 2m21_0_7
2m22, 2m22_0_5 2m22_1_3
2m23, 2m23_0_9 2m23_1_7
2m24, 2m24_0_9
2m27,
2m2c, 2m2c_0_14
2m2w, 2m2w_0_3 2m2w_1_5
2m39, 2m39_0_12
2m3p, 2m3p_0_5 2m3p_1_5
2m3y, 2m3y_0_5 2m3y_1_5
2m40, 2m40_0_5 2m40_1_5
2m43, 2m43_0_5 2m43_1_5
2m44, 2m44_0_5 2m44_1_5
2m4p,
2m4q, 2m4q_0_4 2m4q_1_4
2m4w, 2m4w_0_2 2m4w_1_3
2m53,
2m54, 2m54_0_7 2m54_1_7
2m57, 2m57_0_2 2m57_1_4 2m57_2_4
2m58, 2m58_0_2 2m58_1_3 2m58_2_3 2m58_3_4
2m5u, 2m5u_0_9
2m6v,
2m6w,
2m84, 2m84_0_12
2m8a, 2m8a_0_12
2m8d,
2m8k, 2m8k_0_5 2m8k_1_8
2m8y, 2m8y_0_6
2m8z, 2m8z_0_6
2m90, 2m90_0_6
2m91, 2m91_0_6
2m92, 2m92_0_6
2m93, 2m93_0_5
2map,
2mav, 2mav_0_6 2mav_1_5
2may,
2mb0,
2mb2,
2mb3,
2mb4,
2mbj,
2mcc,
2mci, 2mci_0_8
2mcj, 2mcj_0_8
2mco,
2me6, 2me6_0_14
2meq, 2meq_0_6
2mer, 2mer_0_5
2mf0, 2mf0_0_4 2mf0_1_6 2mf0_2_4 2mf0_3_4
2mf1, 2mf1_0_4 2mf1_1_6 2mf1_2_4 2mf1_3_5
2mf8, 2mf8_0_13
2mfc, 2mfc_0_7 2mfc_1_7
2mfd, 2mfd_0_7
2mfe, 2mfe_0_8 2mfe_1_8
2mff, 2mff_0_8 2mff_1_8
2mfg, 2mfg_0_8 2mfg_1_8
2mfh,
2mft,
2mfu,
2mg8, 2mg8_0_15
2mgn,
2mgz,
2mh6, 2mh6_0_3 2mh6_1_4
2mhi, 2mhi_0_7 2mhi_1_4 2mhi_2_4 2mhi_3_3
2mhx, 2mhx_0_11
2mhz, 2mhz_0_11
2mi0, 2mi0_0_6 2mi0_1_3 2mi0_2_7
2mis, 2mis_0_6 2mis_1_3
2miv, 2miv_0_5 2miv_1_5
2miw, 2miw_0_4 2miw_1_5
2miy, 2miy_0_8 2miy_1_6 2miy_2_4
2mjh,
2mjj, 2mjj_0_2 2mjj_1_2
2mjx, 2mjx_0_6 2mjx_1_6
2mki,
2mkk,
2mkm,
2mkn, 2mkn_0_19
2mko,
2mmf, 2mmf_0_4 2mmf_1_5
2mmq, 2mmq_0_4 2mmq_1_5
2mmr, 2mmr_0_4 2mmr_1_5
2mms, 2mms_0_4 2mms_1_5
2mn0, 2mn0_0_4
2mna,
2mnb, 2mnb_0_10
2mnc, 2mnc_0_4
2mnd, 2mnd_0_10
2mne, 2mne_0_10
2mnf,
2mnx, 2mnx_0_11
2mo2, 2mo2_0_12
2mo7, 2mo7_0_3 2mo7_1_4 2mo7_2_3
2moe, 2moe_0_10
2mqo,
2mqp,
2mqq,
2mqt, 2mqt_0_5 2mqt_1_8 2mqt_2_4 2mqt_3_4 2mqt_4_4
2mqv, 2mqv_0_5 2mqv_1_8 2mqv_2_4 2mqv_3_4 2mqv_4_4
2mru, 2mru_0_15
2mrz,
2ms0, 2ms0_0_5 2ms0_1_3 2ms0_2_6 2ms0_3_5
2ms1, 2ms1_0_5 2ms1_1_3 2ms1_2_6 2ms1_3_5
2ms5, 2ms5_0_4 2ms5_1_4
2ms6,
2ms9,
2mtj, 2mtj_0_5 2mtj_1_6 2mtj_2_4
2mtk, 2mtk_0_5 2mtk_1_6 2mtk_2_4
2mtv,
2mvs, 2mvs_0_10
2mvy, 2mvy_0_10
2mwz,
2mxf, 2mxf_0_12
2mxj, 2mxj_0_2
2mxk, 2mxk_0_3 2mxk_1_4
2mxl, 2mxl_0_7 2mxl_1_4 2mxl_2_2
2mxs, 2mxs_0_5 2mxs_1_2
2mxy,
2mz1,
2n0j, 2n0j_0_5 2n0j_1_2
2n0q, 2n0q_0_3 2n0q_1_8
2n0r, 2n0r_0_4
2n1q, 2n1q_0_11 2n1q_1_5 2n1q_2_7 2n1q_3_3 2n1q_4_3 2n1q_5_3 2n1q_6_4 2n1q_7_7 2n1q_8_3 2n1q_9_5
2n21,
2n2d,
2n2o, 2n2o_0_6
2n2p, 2n2p_0_6
2n3m,
2n3o, 2n3o_0_9
2n3q, 2n3q_0_5 2n3q_1_3 2n3q_2_3 2n3q_3_3 2n3q_4_3 2n3q_5_4
2n3r, 2n3r_0_5 2n3r_1_3 2n3r_2_3 2n3r_3_3 2n3r_4_3 2n3r_5_4
2n4j, 2n4j_0_8
2n4l, 2n4l_0_14 2n4l_1_3 2n4l_2_4
2n4m, 2n4m_0_4 2n4m_1_7
2n4y,
2n5o, 2n5o_0_4 2n5o_1_4
2n5p, 2n5p_0_9
2n60,
2n6c,
2n6s, 2n6s_0_14
2n6t, 2n6t_0_4 2n6t_1_5 2n6t_2_4
2n6w, 2n6w_0_14 2n6w_1_5 2n6w_2_4
2n6x, 2n6x_0_8 2n6x_1_7
2n7c,
2n7m, 2n7m_0_11 2n7m_1_5 2n7m_2_5 2n7m_3_3 2n7m_4_3 2n7m_5_7
2n7x, 2n7x_0_5 2n7x_1_2
2n82, 2n82_0_4
2n89,
2n8a, 2n8a_0_9 2n8a_1_10
2n8l,
2n8m,
2n8v, 2n8v_0_5 2n8v_1_6 2n8v_2_5 2n8v_3_8
2n96, 2n96_0_2 2n96_1_3
2n9f, 2n9f_0_5 2n9f_1_6
2n9h, 2n9h_0_6 2n9h_1_5
2n9q,
2nbj, 2nbj_0_13
2nbx, 2nbx_0_6 2nbx_1_5 2nbx_2_6 2nbx_3_2 2nbx_4_5 2nbx_5_7 2nbx_6_7
2nby, 2nby_0_7 2nby_1_2 2nby_2_5
2nbz, 2nbz_0_8 2nbz_1_7
2nc0, 2nc0_0_5 2nc0_1_5
2nc1, 2nc1_0_6 2nc1_1_5 2nc1_2_6 2nc1_3_7
2nci, 2nci_0_5 2nci_1_3
2ncq, 2ncq_0_4 2ncq_1_4
2ncr, 2ncr_0_4 2ncr_1_4
2neo, 2neo_0_5 2neo_1_3
2npw, 2npw_0_12
2nq0, 2nq0_0_12
2nq1, 2nq1_0_12
2nq4, 2nq4_0_12
2o32, 2o32_0_2 2o32_1_4
2o33, 2o33_0_3 2o33_1_3
2o3m,
2o4y, 2o4y_0_4 2o4y_1_3
2o7w, 2o7w_0_6 2o7w_1_6
2o7x, 2o7x_0_6 2o7x_1_6
2o7y, 2o7y_0_6 2o7y_1_6
2o7z, 2o7z_0_6 2o7z_1_6
2o80, 2o80_0_6 2o80_1_6
2o81, 2o81_0_3 2o81_1_3
2o82, 2o82_0_6 2o82_1_6
2o83, 2o83_0_3 2o83_1_3
2o8k, 2o8k_0_14
2o9l, 2o9l_0_14
2oeh, 2oeh_0_14
2oey, 2oey_0_5 2oey_1_5
2oj7, 2oj7_0_2
2oj8, 2oj8_0_2
2oom, 2oom_0_5 2oom_1_5 2oom_2_4
2p7c, 2p7c_0_12
2p89, 2p89_0_5 2p89_1_6 2p89_2_4 2p89_3_6
2pcv, 2pcv_0_5 2pcv_1_4
2pcw, 2pcw_0_5 2pcw_1_5 2pcw_2_4 2pcw_3_4
2pik, 2pik_0_9
2pn9, 2pn9_0_5 2pn9_1_6 2pn9_2_4
2qh2, 2qh2_0_8
2qh3, 2qh3_0_8
2qh4, 2qh4_0_6
2rlu, 2rlu_0_7
2rmq, 2rmq_0_12
2rn1, 2rn1_0_5 2rn1_1_6 2rn1_2_4
2ro2, 2ro2_0_9
2rou, 2rou_0_13
2rp0, 2rp0_0_5
2rp1, 2rp1_0_5 2rp1_1_3
2rpd,
2rpe,
2rpf,
2rph,
2rpk, 2rpk_0_7
2rpt, 2rpt_0_4 2rpt_1_3
2rqc,
2rqj,
2rra,
2rrc, 2rrc_0_5
2rrq, 2rrq_0_14
2rrr, 2rrr_0_14
2rs2,
2rsk,
2rt8, 2rt8_0_4 2rt8_1_4
2ru3,
2ru7,
2rvo, 2rvo_0_8 2rvo_1_5
2rvp, 2rvp_0_7 2rvp_1_7
2stt, 2stt_0_6 2stt_1_10
2stw, 2stw_0_6 2stw_1_10
2tob, 2tob_0_4
2tpk, 2tpk_0_5 2tpk_1_7
2u2a, 2u2a_0_7
2v3l, 2v3l_0_20
2vah, 2vah_0_7
2vai, 2vai_0_7
2wcc, 2wcc_0_12
2wcn,
2xc7,
2xeb, 2xeb_0_6 2xeb_1_3 2xeb_2_3
2xfm,
2y95, 2y95_0_5
2yh1,
2z2g, 2z2g_0_3 2z2g_1_8
2z2h, 2z2h_0_4 2z2h_1_7
2z33, 2z33_0_16
3gat, 3gat_0_16
3kbd, 3kbd_0_16
3php, 3php_0_8
3rec,
484d, 484d_0_7 484d_1_2
4a4r, 4a4r_0_9
4a4s, 4a4s_0_9
4a4t, 4a4t_0_9
4a4u, 4a4u_0_9
4b8t,
4bs2,
4by9, 4by9_0_6 4by9_1_11 4by9_2_4 4by9_3_9 4by9_4_6 4by9_5_11 4by9_6_4 4by9_7_11
4bzt, 4bzt_0_6
4bzu, 4bzu_0_8
4bzv, 4bzv_0_8
4ch1,
4cio,
4gat, 4gat_0_13
4kbd, 4kbd_0_16
5a17, 5a17_0_8 5a17_1_2
5a18, 5a18_0_8 5a18_1_2
5b7j, 5b7j_0_12
5b81, 5b81_0_6 5b81_1_3 5b81_2_5
5gat, 5gat_0_13
5gwl,
5gwq,
5hqf, 5hqf_0_5 5hqf_1_5
5hqq, 5hqq_0_5 5hqq_1_5
5i2v,
5iem, 5iem_0_10 5iem_1_2 5iem_2_3 5iem_3_4 5iem_4_3
5iv1, 5iv1_0_12
5izp, 5izp_0_12
5j05,
5j0m, 5j0m_0_6 5j0m_1_4
5j1o, 5j1o_0_5 5j1o_1_4
5j2w, 5j2w_0_6 5j2w_1_4
5j3f, 5j3f_0_10
5j3g, 5j3g_0_10
5j3i, 5j3i_0_10
5j4p,
5j4w,
5j6u,
5kgv, 5kgv_0_9
5kh8, 5kh8_0_4 5kh8_1_6 5kh8_2_4
5ki4, 5ki4_0_9
5ki5, 5ki5_0_9
5ki7, 5ki7_0_9
5kib, 5kib_0_9
5kie, 5kie_0_9
5kif, 5kif_0_9
5kih, 5kih_0_9
5kmz, 5kmz_0_4 5kmz_1_4 5kmz_2_3
5kqe, 5kqe_0_6 5kqe_1_6
5l06, 5l06_0_12
5l2g, 5l2g_0_12
5lig,
5lwj, 5lwj_0_7 5lwj_1_2
5m1l,
5m1w,
5m2l,
5m4w, 5m4w_0_2 5m4w_1_2
5mbr,
5mcr,
5mjx,
5mpg,
5mpl,
5mvb,
5nip,
5tgg,
5trn, 5trn_0_12
5u9b,
5uf3, 5uf3_0_7 5uf3_1_2
5uz1, 5uz1_0_12
5uz2, 5uz2_0_12
5uz3, 5uz3_0_12
5uzd, 5uzd_0_12
5uzf, 5uzf_0_12
5uzi, 5uzi_0_8 5uzi_1_3
5uzt, 5uzt_0_7 5uzt_1_3
5uzz, 5uzz_0_7
5v16, 5v16_0_6 5v16_1_9
5v17, 5v17_0_6 5v17_1_9
5v2r, 5v2r_0_3 5v2r_1_3
5vh7, 5vh7_0_4 5vh7_1_2 5vh7_2_2 5vh7_3_4
5vh8, 5vh8_0_4 5vh8_1_2 5vh8_2_2 5vh8_3_4
5wq1, 5wq1_0_9
6gat, 6gat_0_13
7gat, 7gat_0_13
8drh, 8drh_0_8
8psh, 8psh_0_8
